시군구명,업체명,주소,위도,경도,전화번호,주차가능여부,이미지,,,,
강서구,베스티호텔,부산광역시 강서구 구랑동 1205-2,35.12819599,128.8539747,051-710-9700,Y,song/image/sample_image.png,,,,
강서구,에어포트호텔,부산광역시 강서구 대저2동 17624,35.16569198,128.9545073,051-831-0606,Y,song/image/sample_image.png,,,,
강서구,섬마을장어구이펜션,부산광역시 강서구 대항동 385,35.01415788,128.8275994,051-973-6793,Y,song/image/sample_image.png,,,,
강서구,대항펜션,부산광역시 강서구 대항동 388,35.01373969,128.8274268,051-971-9348,Y,song/image/sample_image.png,,,,
강서구,마틴호텔,부산광역시 강서구 명지동 1532-11,35.10112933,128.9285519,051-717-3872,Y,song/image/sample_image.png,,,,
강서구,JK호텔,부산광역시 강서구 명지동 1530-16,35.10020443,128.9285144,051-271-2237,Y,song/image/sample_image.png,,,,
강서구,헤리티지디자인호텔,부산광역시 강서구 명지동 1530-9,35.10036501,128.928637,051-271-0467,Y,song/image/sample_image.png,,,,
강서구,브라운도트호텔 명지점,부산광역시 강서구 명지동 1526-3,35.09919408,128.92803,051-271-3777,Y,song/image/sample_image.png,,,,
강서구,더포인트호텔,부산광역시 강서구 명지동 44595,35.09340432,128.908121,051-934-8600,Y,song/image/sample_image.png,,,,
강서구,호텔오유,부산광역시 강서구 명지동 32752,35.09218239,128.9017599,051-911-5566,Y,song/image/sample_image.png,,,,
강서구,오이아호텔명지,부산광역시 강서구 명지동 29983,35.093931,128.9001002,051-207-1202,Y,song/image/sample_image.png,,,,
강서구,씨엘오션호텔,부산광역시 강서구 명지동 33848,35.09073409,128.9020713,051-271-8686,Y,song/image/sample_image.png,,,,
강서구,신라스테이,부산광역시 강서구 명지동 34700,35.09670494,128.9052621,051-661-9000,Y,song/image/sample_image.png,,,,
강서구,넘버25호텔 명지오션시티점 비즈니스,부산광역시 강서구 명지동 13667,35.08047764,128.9029945,051-271-6566,Y,song/image/sample_image.png,,,,
강서구,오션시티호텔,부산광역시 강서구 명지동 13606,35.08091563,128.9029961,051-271-0023,Y,song/image/sample_image.png,,,,
강서구,호텔프렌치코드,부산광역시 강서구 명지동 3239-15,35.08361971,128.9042136,051-271-2563,Y,song/image/sample_image.png,,,,
강서구,레전드호텔,부산광역시 강서구 미음동 1527-1,35.15964789,128.8639555,051-941-8688,Y,song/image/sample_image.png,,,,
강서구,베스트루이스해밀턴호텔 서부산점,부산광역시 강서구 범방동 1899-5,35.1468498,128.8788042,051-660-6901,Y,song/image/sample_image.png,,,,
강서구,성고개산장,부산광역시 강서구 송정동 103,35.11083486,128.8530819,051-832-0055,Y,song/image/sample_image.png,,,,
강서구,호텔더메이,부산광역시 강서구 신호동 216-5,35.08661568,128.8793305,051-831-2610,Y,song/image/sample_image.png,,,,
강서구,2월호텔,부산광역시 강서구 신호동 216-3,35.0866038,128.8789326,051-972-2828,Y,song/image/sample_image.png,,,,
강서구,블랑비즈니스호텔,부산광역시 강서구 신호동 214-8,35.0869795,128.8813332,051-973-8590,Y,song/image/sample_image.png,,,,
강서구,까르페호텔,부산광역시 강서구 신호동 213-3,35.08661741,128.8807388,051-941-4430,Y,song/image/sample_image.png,,,,
강서구,호텔에그,부산광역시 강서구 신호동 216-2,35.0866149,128.8786857,051-831-9798,Y,song/image/sample_image.png,,,,
강서구,2월호텔 강서신관,부산광역시 강서구 신호동 214-9,35.08700356,128.8810578,051-832-2223,Y,song/image/sample_image.png,,,,
강서구,브라운도트호텔,부산광역시 강서구 신호동 317-2,35.08331539,128.8707373,051-714-2556,Y,song/image/sample_image.png,,,,
강서구,더브레인호텔,부산광역시 강서구 신호동 315-4,35.08173773,128.8722958,051-271-7000,Y,song/image/sample_image.png,,,,
강서구,호텔더원,부산광역시 강서구 신호동 317-5,35.08289233,128.8709693,051-831-5646,Y,song/image/sample_image.png,,,,
강서구,V호텔,부산광역시 강서구 신호동 213-8,35.08639646,128.8807192,051-831-1105,Y,song/image/sample_image.png,,,,
강서구,비지니스호텔,부산광역시 강서구 신호동 213-6,35.08639259,128.8811301,051-941-1929,Y,song/image/sample_image.png,,,,
강서구,이그니스호텔,부산광역시 강서구 신호동 216-7,35.08637727,128.8793003,051-832-1117,Y,song/image/sample_image.png,,,,
강서구,굿프라임호텔,부산광역시 강서구 지사동 1196-4,35.14997988,128.8309512,051-832-6660,Y,song/image/sample_image.png,,,,
강서구,헤르몬호텔,부산광역시 강서구 지사동 1197-4,35.15009789,128.8322324,051-972-0077,Y,song/image/sample_image.png,,,,
금정구,호텔G&G,부산광역시 금정구 구서동 420-40,35.24486672,129.0919301,051-513-9123,Y,song/image/sample_image.png,,,,
금정구,카카오호텔,부산광역시 금정구 구서동 420-52,35.24438044,129.0914817,051-581-1223,Y,song/image/sample_image.png,,,,
금정구,호텔캔들,부산광역시 금정구 구서동 415-30,35.2449448,129.0904558,051-513-9100,Y,song/image/sample_image.png,,,,
금정구,제니스호텔,부산광역시 금정구 구서동 415-28,35.2449823,129.0907235,051-518-6888,Y,song/image/sample_image.png,,,,
금정구,제니스호텔,부산광역시 금정구 구서동 415-28,35.24497552,129.0907183,051-518-6888,Y,song/image/sample_image.png,,,,
금정구,브라운도트 호텔 구서역점,부산광역시 금정구 구서동 31229,35.24796884,129.0918741,051-516-3338,Y,song/image/sample_image.png,,,,
금정구,티에스호텔,부산광역시 금정구 구서동 175-12,35.25682316,129.0909085,051-512-4430,Y,song/image/sample_image.png,,,,
금정구,호텔프렌치코드,부산광역시 금정구 구서동 420-5,35.24489876,129.0922909,051-515-8143,Y,song/image/sample_image.png,,,,
금정구,호텔시카고,부산광역시 금정구 구서동 175-17,35.25719867,129.0908739,051-517-0205,Y,song/image/sample_image.png,,,,
금정구,스포원파크재난안전체험관,부산광역시 금정구 두구동 1641,35.29362772,129.1067686,051-550-1445,Y,song/image/sample_image.png,,,,
금정구,이데아호텔,부산광역시 금정구 부곡동 304-11,35.2250157,129.0912549,051-512-1103,Y,song/image/sample_image.png,,,,
금정구,파래스,부산광역시 금정구 서동 203-37,35.21509207,129.1056031,051-529-1834,Y,song/image/sample_image.png,,,,
금정구,헤이브호텔,부산광역시 금정구 서동 207-26,35.21481219,129.1080432,051-523-8966,Y,song/image/sample_image.png,,,,
금정구,호텔 블랑,부산광역시 금정구 서동 206-3,35.21500571,129.107687,051-521-3131,Y,song/image/sample_image.png,,,,
금정구,아젤리아,부산광역시 금정구 서동 203-36,35.21516884,129.1055245,051-526-2448,Y,song/image/sample_image.png,,,,
금정구,송원장,부산광역시 금정구 장전동 594-8,35.22376332,129.0814923,051-512-4646,N,song/image/sample_image.png,,,,
금정구,HOTELYOUAIN,부산광역시 금정구 장전동 604-16,35.22321721,129.0843749,051-583-0779,Y,song/image/sample_image.png,,,,
금정구,태광 달방,부산광역시 금정구 장전동 646-55,35.22217112,129.0863136,051-516-2400,N,song/image/sample_image.png,,,,
금정구,범어장,부산광역시 금정구 청룡동 ,35.27393681,129.0918485,051-508-5805,Y,song/image/sample_image.png,,,,
금정구,니즈호텔,부산광역시 금정구 청룡동 12175,35.2744981,129.0899731,051-508-2999,Y,song/image/sample_image.png,,,,
기장군,바다애펜션,부산광역시 기장군 기장읍 시랑리 540-5,35.18604169,129.2133248,051-723-1811,Y,song/image/sample_image.png,,,,
기장군,오시리아펜션,부산광역시 기장군 기장읍 시랑리 453-21,35.18812494,129.2177743,051-724-1151,Y,song/image/sample_image.png,,,,
기장군,가온펜션,부산광역시 기장군 기장읍 시랑리 545-7,35.1844777,129.2127078,051-722-6600,Y,song/image/sample_image.png,,,,
기장군,골든베이펜션,부산광역시 기장군 기장읍 대변리 288,35.22131533,129.2270667,051-722-2260,Y,song/image/sample_image.png,,,,
기장군,MVG무인텔,부산광역시 기장군 기장읍 연화리 372-6,35.2139435,129.2220125,051-722-7727,Y,song/image/sample_image.png,,,,
기장군,아난티 힐튼 부산,부산광역시 기장군 기장읍 시랑리 704-1,35.19795241,129.2280692,051-509-1111,Y,song/image/sample_image.png,,,,
기장군,별이그린바다펜션,부산광역시 기장군 기장읍 시랑리 630-3,35.18223994,129.2110845,051-966-1234,Y,song/image/sample_image.png,,,,
기장군,아난티코브,부산광역시 기장군 기장읍 시랑리 704,35.19973708,129.22865,051-604-7000,Y,song/image/sample_image.png,,,,
기장군,마루하우스펜션,부산광역시 기장군 기장읍 당사리 506-1,35.18618548,129.2108578,051-222-2222,Y,song/image/sample_image.png,,,,
기장군,솔레이펜션,부산광역시 기장군 기장읍 시랑리 692-2,35.18372558,129.2096279,051-721-1158,Y,song/image/sample_image.png,,,,
기장군,백용펜션,부산광역시 기장군 기장읍 시랑리 685-7,35.18474468,129.2099886,051-722-5879,Y,song/image/sample_image.png,,,,
기장군,더펜션502,부산광역시 기장군 기장읍 당사리 502-2,35.18814181,129.2113813,051-722-2566,Y,song/image/sample_image.png,,,,
기장군,해오름펜션,부산광역시 기장군 기장읍 당사리 502-4,35.18782476,129.2112324,051-724-9066,Y,song/image/sample_image.png,,,,
기장군,오시리아인펜션,부산광역시 기장군 기장읍 시랑리 683-6,35.18516607,129.2093698,1644-9565,Y,song/image/sample_image.png,,,,
기장군,하얀둥지펜션,부산광역시 기장군 기장읍 대변리 433-3,35.2274257,129.2268482,051-722-5972,Y,song/image/sample_image.png,,,,
기장군,더캐슬해운대비치,부산광역시 기장군 기장읍 대변리 504-3,35.22680247,129.2213595,051-726-0707,Y,song/image/sample_image.png,,,,
기장군,부산 기장 휴,부산광역시 기장군 기장읍 청강리 705-5,35.23479568,129.215477,051-724-4335,Y,song/image/sample_image.png,,,,
기장군,시랑리129펜션,부산광역시 기장군 기장읍 시랑리 129,35.19664328,129.2249174,070-7794-7487,Y,song/image/sample_image.png,,,,
기장군,베스트루이스해밀턴호텔 기장점,부산광역시 기장군 기장읍 서부리 422,35.24951122,129.2096433,051-721-2203,Y,song/image/sample_image.png,,,,
기장군,베스트루이스해밀턴호텔,부산광역시 기장군 기장읍 서부리 422,35.24946788,129.2095269,051-721-2203,Y,song/image/sample_image.png,,,,
기장군,서랑펜션,부산광역시 기장군 기장읍 내리 204-1,35.20102999,129.2059,051-722-8870,Y,song/image/sample_image.png,,,,
기장군,엔줄리오펜션,부산광역시 기장군 기장읍 연화리 326-2,35.2153393,129.2231287,051-722-5947,Y,song/image/sample_image.png,,,,
기장군,브라운도트호텔,부산광역시 기장군 기장읍 연화리 214-6,35.21789346,129.22571,051-723-2146,Y,song/image/sample_image.png,,,,
기장군,넘버이십오,부산광역시 기장군 기장읍 연화리 109-1,35.21918249,129.2264024,051-723-2527,Y,song/image/sample_image.png,,,,
기장군,엔쥴리오,부산광역시 기장군 기장읍 연화리 326-2,35.21530937,129.2231286,051-722-5947,Y,song/image/sample_image.png,,,,
기장군,초콜릿,부산광역시 기장군 기장읍 연화리 292-1,35.21637501,129.2251359,051-723-2988,Y,song/image/sample_image.png,,,,
기장군,루이스호텔,부산광역시 기장군 기장읍 대라리 81-33,35.24167138,129.2157481,051-714-5307,Y,song/image/sample_image.png,,,,
기장군,기장루이스호텔,부산광역시 기장군 기장읍 대라리 81-33,35.24173549,129.215798,051-714-5307,Y,song/image/sample_image.png,,,,
기장군,브룩스호텔,부산광역시 기장군 기장읍 동부리 386-5,35.25067491,129.2135032,051-724-0880,Y,song/image/sample_image.png,,,,
기장군,이데아호텔,부산광역시 기장군 기장읍 교리 324-6,35.25362273,129.2143276,051-724-2265,Y,song/image/sample_image.png,,,,
기장군,2PM호텔,부산광역시 기장군 기장읍 동부리 386-5,35.25074703,129.2137006,051-772-6934,Y,song/image/sample_image.png,,,,
기장군,HOTEL페오,부산광역시 기장군 기장읍 교리 324-9,35.25316662,129.2139845,051-723-0809,Y,song/image/sample_image.png,,,,
기장군,넘버25호텔,부산광역시 기장군 기장읍 교리 330-15,35.25229656,129.2142802,051-722-4088,Y,song/image/sample_image.png,,,,
기장군,민캠프힐링오토캠핑장,부산광역시 기장군 일광면 화전리 ,35.28975511,129.2344849,051-721-6171,Y,song/image/sample_image.png,,,,
기장군,속시원한대구탕,부산광역시 기장군 일광면 삼성리 715-3,35.26057537,129.2332445,051-724-4146,Y,song/image/sample_image.png,,,,
기장군,메모리펜션,부산광역시 기장군 일광면 동백리 266-6,35.28278644,129.2592046,051-727-7001,N,song/image/sample_image.png,,,,
기장군,해변24편의점,부산광역시 기장군 일광면 삼성리 14336,35.2640334,129.2344786,051-721-1882,N,song/image/sample_image.png,,,,
기장군,삼성장펜션,부산광역시 기장군 일광면 삼성리 15342,35.26328944,129.2335718,051-721-4508,Y,song/image/sample_image.png,,,,
기장군,제이스펜션&글램핑,부산광역시 기장군 일광면 화전리 135,35.27724586,129.2343007,051-714-0838,Y,song/image/sample_image.png,,,,
기장군,까페카라반,부산광역시 기장군 일광면 문동리 72,35.30914968,129.2592798,051-727-2111,Y,song/image/sample_image.png,,,,
기장군,드메르펜션,부산광역시 기장군 일광면 신평리 4,35.2923648,129.2598971,051-727-6588,Y,song/image/sample_image.png,,,,
기장군,알로하펜션,부산광역시 기장군 일광면 신평리 ,35.29389668,129.2601787,051-727-0005,Y,song/image/sample_image.png,,,,
기장군,메르쏭하우스,부산광역시 기장군 일광면 학리 275-1,35.25807928,129.2432716,051-724-6102,Y,song/image/sample_image.png,,,,
기장군,산수유,부산광역시 기장군 장안읍 장안리 440-5,35.36885054,129.2459056,051-727-5854,Y,song/image/sample_image.png,,,,
기장군,늘봄펜션,부산광역시 기장군 장안읍 용소리 395-3,35.34719821,129.2413723,051-728-1405,Y,song/image/sample_image.png,,,,
기장군,만석꾼캠핑장,부산광역시 기장군 장안읍 월내리 ,35.33110731,129.2711622,070-8944-8280,Y,song/image/sample_image.png,,,,
기장군,달빛펜션,부산광역시 기장군 장안읍 임랑리 19419,35.31859452,129.2632604,051-727-9322,Y,song/image/sample_image.png,,,,
기장군,동부산온천호텔,부산광역시 기장군 장안읍 기룡리 454-3,35.34336416,129.2531894,051-727-9991,Y,song/image/sample_image.png,,,,
기장군,산장가든,부산광역시 기장군 장안읍 장안리 391-1,35.36840787,129.246617,051-727-5370,Y,song/image/sample_image.png,,,,
기장군,한옥펜션금수동,부산광역시 기장군 장안읍 기룡리 468,35.34466882,129.2532313,051-727-5679,Y,song/image/sample_image.png,,,,
기장군,동부산온천호텔,부산광역시 기장군 장안읍 기룡리 454-3,35.34333574,129.2531717,051-727-9991,Y,song/image/sample_image.png,,,,
기장군,오투펜션,부산광역시 기장군 장안읍 월내리 554-4,35.32187198,129.2679362,051-722-5024,Y,song/image/sample_image.png,,,,
기장군,얀카라반펜션,부산광역시 기장군 장안읍 월내리 554-23,35.32156866,129.2672237,051-727-1629,Y,song/image/sample_image.png,,,,
기장군,기장문화예절학교,부산광역시 기장군 장안읍 월내리 579,35.32554346,129.2682629,051-792-4720,Y,song/image/sample_image.png,,,,
기장군,다란향 한옥,부산광역시 기장군 정관읍 매학리 525-44,35.31514631,129.1715894,052-223-3020,Y,song/image/sample_image.png,,,,
기장군,기장군청소년수련관,부산광역시 기장군 정관읍 달산리 417-22,35.31111144,129.1997541,051-728-4501,Y,song/image/sample_image.png,,,,
기장군,초원숲속글램핑,부산광역시 기장군 정관읍 병산리 567-3,35.34537339,129.1877351,051-727-3067,Y,song/image/sample_image.png,,,,
기장군,호수글램핑,부산광역시 기장군 정관읍 병산리 550-1,35.34646376,129.1851427,051-727-3250,N,song/image/sample_image.png,,,,
기장군,호텔라움,부산광역시 기장군 정관읍 달산리 1049-3,35.3160994,129.1809748,051-728-6038,Y,song/image/sample_image.png,,,,
기장군,호텔썸,부산광역시 기장군 정관읍 달산리 1049-4,35.31610989,129.181374,051-728-5208,Y,song/image/sample_image.png,,,,
기장군,호텔여기어때,부산광역시 기장군 정관읍 달산리 1049-9,35.31622426,129.1827183,051-728-1011,Y,song/image/sample_image.png,,,,
기장군,낙원농원,부산광역시 기장군 철마면 임기리 산42-2,35.33627132,129.1268525,070-7716-6676,Y,song/image/sample_image.png,,,,
기장군,부산유아놀이꿈터,부산광역시 기장군 철마면 연구리 594,35.27265561,129.1577857,051-723-7092,Y,song/image/sample_image.png,,,,
남구,호텔스미스,부산광역시 남구 대연동 1767-4,35.13521422,129.0849343,051-642-2923,Y,song/image/sample_image.png,,,,
남구,보스코호텔,부산광역시 남구 대연동 1758-5,35.13535219,129.0873566,051-643-0440,Y,song/image/sample_image.png,,,,
남구,스테이 로드12,부산광역시 남구 대연동 1761-6,35.13554001,129.0874999,051-632-1425,Y,song/image/sample_image.png,,,,
남구,호텔브라운도트 대연점,부산광역시 남구 대연동 1752-17,35.13453381,129.0892951,051-623-1624,Y,song/image/sample_image.png,,,,
남구,호텔뮤리,부산광역시 남구 대연동 1745-6,35.13547057,129.0908831,051-612-8314,Y,song/image/sample_image.png,,,,
남구,뮤트호텔,부산광역시 남구 대연동 1746-18,35.13464742,129.0907994,051-627-7333,Y,song/image/sample_image.png,,,,
남구,코리아호텔,부산광역시 남구 대연동 888-8,35.13275907,129.0923112,051-628-7001,Y,song/image/sample_image.png,,,,
남구,이데아호텔,부산광역시 남구 대연동 889-4,35.13191378,129.0924305,051-611-6643,Y,song/image/sample_image.png,,,,
남구,호텔더그랑,부산광역시 남구 대연동 1729-9,35.13477312,129.0937138,051-611-0707,Y,song/image/sample_image.png,,,,
남구,대연동 한스빌,부산광역시 남구 대연동 1746-16,35.13465118,129.0911649,051-626-8400,Y,song/image/sample_image.png,,,,
남구,지앤지호텔,부산광역시 남구 대연동 1751-16,35.13460158,129.0900052,051-626-7723,Y,song/image/sample_image.png,,,,
남구,제트호텔,부산광역시 남구 대연동 1746-7,35.13463791,129.0909951,051-628-5419,Y,song/image/sample_image.png,,,,
남구,웰킨호텔,부산광역시 남구 대연동 1751-8,35.1345972,129.0901742,051-627-7451,Y,song/image/sample_image.png,,,,
남구,호텔온나,부산광역시 남구 대연동 1747-2,35.13441344,129.0915211,051-623-7995,Y,song/image/sample_image.png,,,,
남구,T호텔,부산광역시 남구 문현동 810-4,35.13756926,129.066685,051-637-6819,Y,song/image/sample_image.png,,,,
남구,부산국제금융연수원,부산광역시 남구 문현동 1229-1,35.14649532,129.0658659,051-913-7700,Y,song/image/sample_image.png,,,,
남구,부산 문현동 그랜드,부산광역시 남구 문현동 406-13,35.1375142,129.0699773,051-639-7383,Y,song/image/sample_image.png,,,,
남구,클라우드나인,부산광역시 남구 문현동 406-7,35.13768783,129.0700003,051-632-5677,Y,song/image/sample_image.png,,,,
남구,보브호텔,부산광역시 남구 문현동 809-5,35.13756941,129.0669388,051-633-0131,Y,song/image/sample_image.png,,,,
남구,아바니센트럴부산,부산광역시 남구 문현동 1227-2,35.14837957,129.065239,051-791-5800,Y,song/image/sample_image.png,,,,
남구,부산해군회관,부산광역시 남구 용호동 947-1,35.10486567,129.1162479,051-679-5811,Y,song/image/sample_image.png,,,,
남구,호텔시카고,부산광역시 남구 용호동 395-48,35.11867923,129.1111579,051-621-0002,Y,song/image/sample_image.png,,,,
남구,넘버25호텔,부산광역시 남구 용호동 395-11,35.11852927,129.1112952,051-921-0050,Y,song/image/sample_image.png,,,,
남구,젠하우스,부산광역시 남구 용호동 495-16,35.11515197,129.1113346,051-612-9223,Y,song/image/sample_image.png,,,,
남구,게스트하우스,부산광역시 남구 용호동 181-1,35.12631011,129.1082483,070-623-2315,N,song/image/sample_image.png,,,,
동구,힐티장,부산광역시 동구 범일동 65,35.14065981,129.0556499,051-634-9010,N,song/image/sample_image.png,,,,
동구,안드레연수원,부산광역시 동구 범일동 252-133,35.13091171,129.0593022,070-4441-8677,Y,song/image/sample_image.png,,,,
동구,틴토호텔,부산광역시 동구 범일동 830-283,35.13830679,129.0607742,051-634-2088,Y,song/image/sample_image.png,,,,
동구,프린스호텔,부산광역시 동구 범일동 916-6,35.13929949,129.0588743,051-632-6005,Y,song/image/sample_image.png,,,,
동구,클라우디아,부산광역시 동구 범일동 662-127,35.13909484,129.0585299,051-633-0592,N,song/image/sample_image.png,,,,
동구,CC호텔,부산광역시 동구 범일동 606,35.13749011,129.0606487,051-645-6767,Y,song/image/sample_image.png,,,,
동구,일루리삿,부산광역시 동구 범일동 547-20,35.13569086,129.0631591,070-7728-3436,N,song/image/sample_image.png,,,,
동구,코리아시티관광호텔,부산광역시 동구 범일동 830-65,35.1380428,129.0635292,051-643-7788,Y,song/image/sample_image.png,,,,
동구,호텔라메르,부산광역시 동구 범일동 830-171,35.14050523,129.0623238,051-634-3001,Y,song/image/sample_image.png,,,,
동구,범일동 W,부산광역시 동구 범일동 830-189,35.14006786,129.0617786,051-645-6717,Y,song/image/sample_image.png,,,,
동구,하운드호텔,부산광역시 동구 범일동 830-180,35.14018498,129.061939,051-921-0050,Y,song/image/sample_image.png,,,,
동구,라메르관광호텔,부산광역시 동구 범일동 830-171,35.14048123,129.0622834,051-634-3001,Y,song/image/sample_image.png,,,,
동구,라온호텔,부산광역시 동구 범일동 830-179,35.14032664,129.061896,051-647-1776,Y,song/image/sample_image.png,,,,
동구,루이스호텔,부산광역시 동구 범일동 830-178,35.14039166,129.0620139,051-633-7722,Y,song/image/sample_image.png,,,,
동구,나포리,부산광역시 동구 범일동 830-214,35.13842423,129.0602808,051-643-3636,N,song/image/sample_image.png,,,,
동구,더디자인,부산광역시 동구 범일동 62-740,35.14076661,129.056945,051-631-1504,Y,song/image/sample_image.png,,,,
동구,더디자인,부산광역시 동구 범일동 62-735,35.14058208,129.0569841,051-631-1504,Y,song/image/sample_image.png,,,,
동구,브라운도트 호텔 범일점,부산광역시 동구 범일동 62-741,35.14027189,129.056931,051-791-0770,Y,song/image/sample_image.png,,,,
동구,브라운도트호텔,부산광역시 동구 범일동 62-741,35.14027189,129.056931,051-791-0770,Y,song/image/sample_image.png,,,,
동구,송림장,부산광역시 동구 범천동 841-291,35.13843727,129.0607677,051-632-1030,N,song/image/sample_image.png,,,,
동구,초량리빙텔,부산광역시 동구 수정동 403-3,35.12250494,129.0421433,051-467-7660,N,song/image/sample_image.png,,,,
동구,보건탕,부산광역시 동구 수정동 1007-12,35.12542534,129.0430162,051-441-0232,N,song/image/sample_image.png,,,,
동구,동구진로교육지원센터,부산광역시 동구 수정동 79-788,35.12757021,129.0480407,051-468-6480,N,song/image/sample_image.png,,,,
동구,프라임관광호텔,부산광역시 동구 수정동 1-62,35.13058708,129.0502138,051-465-4011,Y,song/image/sample_image.png,,,,
동구,브라운도트 호텔 부산진역점,부산광역시 동구 수정동 1-91,35.12952113,129.048421,051-469-8642,Y,song/image/sample_image.png,,,,
동구,부산항힐링야영장,부산광역시 동구 초량동 1185-48,35.11408836,129.0503409,051-400-1205,Y,song/image/sample_image.png,,,,
동구,베스트인시티호텔,부산광역시 동구 초량동 17533,35.12030724,129.0414928,051-464-8883,Y,song/image/sample_image.png,,,,
동구,노떼라미아호텔,부산광역시 동구 초량동 1213-18,35.11184173,129.0397668,051-462-7700,Y,song/image/sample_image.png,,,,
동구,멕시멈호텔,부산광역시 동구 초량동 493,35.11592723,129.0393263,051-442-4580,Y,song/image/sample_image.png,,,,
동구,남양장,부산광역시 동구 초량동 500-1,35.1153894,129.0387808,051-464-7500,N,song/image/sample_image.png,,,,
동구,크리스탈낮잠,부산광역시 동구 초량동 486-2,35.11634374,129.0398186,051-8278-6252,N,song/image/sample_image.png,,,,
동구,대림장,부산광역시 동구 초량동 506,35.11574613,129.0389543,051-462-9795,Y,song/image/sample_image.png,,,,
동구,황금빌라,부산광역시 동구 초량동 617-2,35.11299684,129.0378672,051-468-1718,N,song/image/sample_image.png,,,,
동구,이바구캠프,부산광역시 동구 초량동 847-44,35.11918333,129.0283125,051-467-0289,N,song/image/sample_image.png,,,,
동구,이바구캠프,부산광역시 동구 초량동 847-41,35.11915903,129.0285237,051-467-0289,N,song/image/sample_image.png,,,,
동구,까꼬막체험센터,부산광역시 동구 초량동 793-24,35.12298066,129.035773,070-7333-9195,N,song/image/sample_image.png,,,,
동구,이바구충전소,부산광역시 동구 초량동 974-4,35.11736277,129.0346707,070-8233-2033,N,song/image/sample_image.png,,,,
동구,게스트하우스코리아 부산역점,부산광역시 동구 초량동 1198-2,35.11751607,129.0414816,051-464-5800,Y,song/image/sample_image.png,,,,
동구,웰컴부산,부산광역시 동구 초량동 172-2,35.11934293,129.0414953,051-442-2244,N,song/image/sample_image.png,,,,
동구,이데아호텔,부산광역시 동구 초량동 1213-9,35.11215514,129.0401919,051-441-0708,Y,song/image/sample_image.png,,,,
동구,부산역비즈니스호텔,부산광역시 동구 초량동 1213-7,35.11239691,129.0399828,051-463-5581,Y,song/image/sample_image.png,,,,
동구,오름 레지던스 호텔,부산광역시 동구 초량동 1213-6,35.1124026,129.0402156,051-936-1123,Y,song/image/sample_image.png,,,,
동구,이데아호텔,부산광역시 동구 초량동 1213-9,35.11212426,129.0401031,051-441-0708,Y,song/image/sample_image.png,,,,
동구,테레목호스텔,부산광역시 동구 초량동 514-2,35.11564069,129.0383326,051-466-0060,N,song/image/sample_image.png,,,,
동구,미래장,부산광역시 동구 초량동 1208-28,35.11508233,129.0389429,051-467-0541,N,song/image/sample_image.png,,,,
동구,온팍스레지던스,부산광역시 동구 초량동 1203-14,35.11319226,129.0405547,051-465-1213,Y,song/image/sample_image.png,,,,
동구,라마다앙코르부산역호텔,부산광역시 동구 초량동 1204-1,35.11430257,129.0403367,051-922-0000,Y,song/image/sample_image.png,,,,
동구,원웨이게스트하우스 부산점,부산광역시 동구 초량동 1204-3,35.11413947,129.0401455,051-462-2500,N,song/image/sample_image.png,,,,
동구,호텔코코,부산광역시 동구 초량동 1204-14,35.11399908,129.0403372,051-442-0707,N,song/image/sample_image.png,,,,
동구,아몬드호텔,부산광역시 동구 초량동 1203-3,35.11377512,129.0406566,051-469-1918,Y,song/image/sample_image.png,,,,
동구,토요코인 부산역1,부산광역시 동구 초량동 1203-15,35.11415906,129.0407606,051-466-1045,Y,song/image/sample_image.png,,,,
동구,부산뷰호텔,부산광역시 동구 초량동 1203-6,35.11337896,129.0405489,051-442-1248,Y,song/image/sample_image.png,,,,
동구,더웨이호텔,부산광역시 동구 초량동 472-1,35.11626509,129.0393245,051-852-3600,N,song/image/sample_image.png,,,,
동구,호텔26,부산광역시 동구 초량동 474,35.11667806,129.039755,051-469-7107,Y,song/image/sample_image.png,,,,
동구,브라운도트호텔,부산광역시 동구 초량동 444-3,35.11634076,129.0383925,051-465-3500,Y,song/image/sample_image.png,,,,
동구,아스티호텔,부산광역시 동구 초량동 1201-1,35.11617411,129.0417928,051-409-8888,Y,song/image/sample_image.png,,,,
동구,파밀리에게스트하우스,부산광역시 동구 초량동 1200-8,35.11639371,129.041285,051-461-0080,N,song/image/sample_image.png,,,,
동구,광장관광호텔,부산광역시 동구 초량동 1200-17,35.11619244,129.0413443,051-464-3141,Y,song/image/sample_image.png,,,,
동구,보라장,부산광역시 동구 초량동 349-1,35.11784224,129.0405127,051-464-5656,N,song/image/sample_image.png,,,,
동구,더비에스호텔,부산광역시 동구 초량동 1194-1,35.11856186,129.0425935,051-466-8400,Y,song/image/sample_image.png,,,,
동구,케이게스트,부산광역시 동구 초량동 1194-9,35.11810172,129.0423707,070-7782-3650,Y,song/image/sample_image.png,,,,
동구,하운드호텔 부산역,부산광역시 동구 초량동 1195-12,35.11775044,129.0426829,051-464-2000,Y,song/image/sample_image.png,,,,
동구,호텔그레이초량,부산광역시 동구 초량동 1162-35,35.12210939,129.0443324,051-462-7760,N,song/image/sample_image.png,,,,
동구,호텔포레,부산광역시 동구 초량동 1162-3,35.12258841,129.0445878,051-463-6171,Y,song/image/sample_image.png,,,,
동구,호텔포레 부산역점,부산광역시 동구 초량동 1162-3,35.12257601,129.0446127,051-463-6171,Y,song/image/sample_image.png,,,,
동구,단테하우스B,부산광역시 동구 초량동 399,35.11663762,129.0389709,051-467-1218,N,song/image/sample_image.png,,,,
동구,샤이어호텔,부산광역시 동구 초량동 323-1,35.11763698,129.0399496,051-463-7929,Y,song/image/sample_image.png,,,,
동구,디노호텔,부산광역시 동구 초량동 509,35.11587351,129.0387715,051-463-1215,Y,song/image/sample_image.png,,,,
동구,마이호스텔 부산역점,부산광역시 동구 초량동 510-3,35.11581904,129.0385736,051-466-2097,N,song/image/sample_image.png,,,,
동구,궁중손칼국수,부산광역시 동구 초량동 396-2,35.11678579,129.0390744,051-462-8285,N,song/image/sample_image.png,,,,
동구,한림양식당,부산광역시 동구 초량동 179-1,35.11915372,129.040691,051-442-6249,N,song/image/sample_image.png,,,,
동구,황진이,부산광역시 동구 초량동 194-2,35.11927068,129.0405475,051-465-2574,N,song/image/sample_image.png,,,,
동구,만수장,부산광역시 동구 초량동 196-2,35.11932041,129.0404441,051-467-1344,Y,song/image/sample_image.png,,,,
동구,부산숙박닷컴,부산광역시 동구 초량동 408-3,35.11715373,129.0385214,070-4651-4112,N,song/image/sample_image.png,,,,
동구,게스트하우스 싱글싱글,부산광역시 동구 초량동 597-8,35.11370828,129.0368101,051-468-5978,N,song/image/sample_image.png,,,,
동구,Inside Busan Hostel,부산광역시 동구 초량동 1057-74,35.11340821,129.0360857,051-442-1057,N,song/image/sample_image.png,,,,
동구,워라밸게스트하우스,부산광역시 동구 초량동 1057-85,35.11317473,129.0362672,051-463-1555,N,song/image/sample_image.png,,,,
동구,부산숙박닷컴,부산광역시 동구 초량동 408-3,35.11714316,129.0385157,070-4651-4112,N,song/image/sample_image.png,,,,
동래구,희망타운빌,부산광역시 동래구 낙민동 250,35.20140507,129.0885514,051-555-1115,Y,song/image/sample_image.png,,,,
동래구,가자,부산광역시 동래구 명륜동 471,35.2048618,129.0827205,051-556-1118,Y,song/image/sample_image.png,,,,
동래구,MEGAMOTEL,부산광역시 동래구 명륜동 486,35.20516412,129.0826781,051-555-7879,Y,song/image/sample_image.png,,,,
동래구,헬로,부산광역시 동래구 명륜동 369,35.20485831,129.0830224,051-557-1128,N,song/image/sample_image.png,,,,
동래구,호텔아마레,부산광역시 동래구 명륜동 370-12,35.20468963,129.0831113,051-557-5952,Y,song/image/sample_image.png,,,,
동래구,청록장,부산광역시 동래구 명장동 22859,35.20384149,129.1012297,051-526-6273,N,song/image/sample_image.png,,,,
동래구,동래구평생학습관,부산광역시 동래구 명장동 619,35.21152834,129.0956968,051-550-4465,Y,song/image/sample_image.png,,,,
동래구,한일장,부산광역시 동래구 수안동 596-3,35.20316289,129.0841292,051-554-1100,N,song/image/sample_image.png,,,,
동래구,세븐브릿지,부산광역시 동래구 수안동 303-4,35.20163699,129.0861289,051-558-7272,Y,song/image/sample_image.png,,,,
동래구,리셰,부산광역시 동래구 안락동 756-43,35.19655468,129.0974508,051-714-1973,Y,song/image/sample_image.png,,,,
동래구,호텔농심,부산광역시 동래구 온천동 137-7,35.22025936,129.0823201,051-550-2100,Y,song/image/sample_image.png,,,,
동래구,천일온천호텔,부산광역시 동래구 온천동 142,35.2214515,129.0813225,051-553-8191,Y,song/image/sample_image.png,,,,
동래구,녹천온천호텔,부산광역시 동래구 온천동 35217,35.22049791,129.0809067,051-553-1005,Y,song/image/sample_image.png,,,,
동래구,중앙온천,부산광역시 동래구 온천동 35156,35.22068477,129.0811585,051-555-4343,N,song/image/sample_image.png,,,,
동래구,호텔프랑스,부산광역시 동래구 온천동 17258,35.2225688,129.0810093,051-556-2367,Y,song/image/sample_image.png,,,,
동래구,형제그린빌,부산광역시 동래구 온천동 440-17,35.21602001,129.0783187,051-552-5605,Y,song/image/sample_image.png,,,,
동래구,도브호텔,부산광역시 동래구 온천동 239-9,35.21915508,129.0796287,051-552-0868,Y,song/image/sample_image.png,,,,
동래구,대성관호텔,부산광역시 동래구 온천동 215-1,35.21959359,129.0811015,051-558-1700,Y,song/image/sample_image.png,,,,
동래구,카리노호텔,부산광역시 동래구 온천동 213,35.21956197,129.0815137,051-552-0122,Y,song/image/sample_image.png,,,,
동래구,호텔킹,부산광역시 동래구 온천동 135-31,35.21997334,129.0811432,051-554-0058,Y,song/image/sample_image.png,,,,
동래구,한빛장,부산광역시 동래구 온천동 135-19,35.22057612,129.0801857,051-557-0309,Y,song/image/sample_image.png,,,,
동래구,호텔MVG,부산광역시 동래구 온천동 475-15,35.21396901,129.0787787,051-553-0441,N,song/image/sample_image.png,,,,
동래구,금강국민호텔,부산광역시 동래구 온천동 산1-2,35.22503944,129.0747994,051-554-3235,Y,song/image/sample_image.png,,,,
동래구,고성장,부산광역시 동래구 온천동 1716-6,35.21201609,129.0584188,051-555-7627,Y,song/image/sample_image.png,,,,
동래구,The M Hotel,부산광역시 동래구 온천동 1710-2,35.21235174,129.059827,051-552-6003,Y,song/image/sample_image.png,,,,
동래구,동래온천호텔,부산광역시 동래구 온천동 473-27,35.21290664,129.0785243,051-912-0815,N,song/image/sample_image.png,,,,
동래구,동래온천호텔,부산광역시 동래구 온천동 480-39,35.21336253,129.0780856,051-912-0815,Y,song/image/sample_image.png,,,,
동래구,더스톤브릿지호텔,부산광역시 동래구 온천동 1464-6,35.20254823,129.0697081,051-507-0881,Y,song/image/sample_image.png,,,,
동래구,이화장,부산광역시 동래구 온천동 1234-4,35.20598491,129.0671773,051-505-3441,N,song/image/sample_image.png,,,,
동래구,민정텔,부산광역시 동래구 온천동 1421-12,35.20604802,129.0688688,051-504-0905,N,song/image/sample_image.png,,,,
동래구,하나빌,부산광역시 동래구 온천동 1421-22,35.20594404,129.0689965,051-5007-0690,Y,song/image/sample_image.png,,,,
동래구,사직 덴바스타 시그니처호텔,부산광역시 동래구 온천동 1413-12,35.20343416,129.0680018,051-503-4000,Y,song/image/sample_image.png,,,,
동래구,페이지호텔,부산광역시 동래구 온천동 1414-5,35.20326038,129.0686595,051-505-1158,Y,song/image/sample_image.png,,,,
동래구,보노호텔,부산광역시 동래구 온천동 450-5,35.21557401,129.0792434,051-558-4435,Y,song/image/sample_image.png,,,,
동래구,현대온천,부산광역시 동래구 온천동 142-14,35.22136001,129.0815762,051-555-5737,N,song/image/sample_image.png,,,,
동래구,천우장,부산광역시 동래구 온천동 151-16,35.22200373,129.0841633,051-556-4771,N,song/image/sample_image.png,,,,
동래구,라메르,부산광역시 동래구 온천동 151-17,35.22194734,129.0842903,051-555-8707,Y,song/image/sample_image.png,,,,
동래구,호텔야자,부산광역시 동래구 온천동 180-31,35.2177684,129.0828464,051-554-5045,Y,song/image/sample_image.png,,,,
동래구,호텔오즈,부산광역시 동래구 온천동 180-29,35.21804237,129.0829242,051-552-7992,Y,song/image/sample_image.png,,,,
동래구,호텔 이그니스,부산광역시 동래구 온천동 180-28,35.21816786,129.0829875,051-557-4450,Y,song/image/sample_image.png,,,,
동래구,미투나호텔,부산광역시 동래구 온천동 191-7,35.21681674,129.0787685,051-552-5077,Y,song/image/sample_image.png,,,,
동래구,모심빌,부산광역시 동래구 온천동 186-127,35.21731408,129.0800112,051-522-6905,Y,song/image/sample_image.png,,,,
동래구,올레지던스,부산광역시 동래구 온천동 186-63,35.21682926,129.0795157,051-558-1505,Y,song/image/sample_image.png,,,,
동래구,하운드호텔 미남역점,부산광역시 동래구 온천동 1446-1,35.20571838,129.0703725,051-504-9555,Y,song/image/sample_image.png,,,,
동래구,하루호텔,부산광역시 동래구 온천동 1425-12,35.20635918,129.0704533,051-504-0882,Y,song/image/sample_image.png,,,,
동래구,볼리아 사직점,부산광역시 동래구 온천동 1447-9,35.20499854,129.0700457,051-503-0105,Y,song/image/sample_image.png,,,,
동래구,투헤븐호텔,부산광역시 동래구 온천동 1447-7,35.20517043,129.0700421,051-505-4432,Y,song/image/sample_image.png,,,,
동래구,버튼호텔,부산광역시 동래구 온천동 1447-2,35.20568733,129.0700898,051-507-7525,Y,song/image/sample_image.png,,,,
부산진구,온천특실,부산광역시 부산진구 가야동 301-13,35.15398681,129.0341275,051-891-4564,N,song/image/sample_image.png,,,,
부산진구,호텔꿀비,부산광역시 부산진구 가야동 82-15,35.15516374,129.0361714,051-891-4440,N,song/image/sample_image.png,,,,
부산진구,"네이버지도명 - '부산 개금e패션', 간판 - '호텔 e패션'",부산광역시 부산진구 개금동 177-29,35.15236756,129.0234863,051-892-1502,Y,song/image/sample_image.png,,,,
부산진구,레인보우호텔,부산광역시 부산진구 개금동 177-57,35.15233057,129.0230578,051-898-9941,Y,song/image/sample_image.png,,,,
부산진구,은하탕,부산광역시 부산진구 당감동 978,35.15759592,129.0491411,051-808-0606,N,song/image/sample_image.png,,,,
부산진구,9번가트래블텔,부산광역시 부산진구 범천동 882-17,35.14385332,129.0587778,051-632-4666,Y,song/image/sample_image.png,,,,
부산진구,네이버지도명 - '9번가 트래블텔',부산광역시 부산진구 범천동 882-17,35.14389172,129.0587926,051-632-4666,Y,song/image/sample_image.png,,,,
부산진구,화동장,부산광역시 부산진구 범천동 1298-41,35.14291051,129.0554592,051-636-0733,N,song/image/sample_image.png,,,,
부산진구,화동장,부산광역시 부산진구 범천동 1298-41,35.14290338,129.0554534,051-636-0733,N,song/image/sample_image.png,,,,
부산진구,다이나믹게스트하우스,부산광역시 부산진구 범천동 865,35.14980569,129.0576677,070-4195-1381,Y,song/image/sample_image.png,,,,
부산진구,덴바스타호텔,부산광역시 부산진구 범천동 841-5,35.14314713,129.0627571,051-634-7071,Y,song/image/sample_image.png,,,,
부산진구,호텔큐파이브,부산광역시 부산진구 범천동 839-11,35.14244873,129.0628281,051-633-3451,Y,song/image/sample_image.png,,,,
부산진구,7TH호텔,부산광역시 부산진구 범천동 870-26,35.14807919,129.0586217,051-636-6365,Y,song/image/sample_image.png,,,,
부산진구,더호텔7TH,부산광역시 부산진구 범천동 870-26,35.14807636,129.0586028,051-636-6365,Y,song/image/sample_image.png,,,,
부산진구,G7호텔,부산광역시 부산진구 범천동 858-19,35.1490178,129.0609645,051-637-1187,Y,song/image/sample_image.png,,,,
부산진구,하루호텔,부산광역시 부산진구 범천동 858-22,35.14856508,129.0604133,051-635-1182,Y,song/image/sample_image.png,,,,
부산진구,김치게스트하우스,부산광역시 부산진구 범천동 858-61,35.14837391,129.0603388,051-633-0020,Y,song/image/sample_image.png,,,,
부산진구,리순덕호텔,부산광역시 부산진구 범천동 858-67,35.14870954,129.0602228,051-645-0700,Y,song/image/sample_image.png,,,,
부산진구,하운드호텔,부산광역시 부산진구 범천동 858-48,35.14823734,129.060463,051-635-1291,Y,song/image/sample_image.png,,,,
부산진구,투헤븐호텔,부산광역시 부산진구 범천동 858-62,35.14809918,129.0604164,051-635-8080,Y,song/image/sample_image.png,,,,
부산진구,호텔25시,부산광역시 부산진구 범천동 858-63,35.14799932,129.0604833,051-639-7534,Y,song/image/sample_image.png,,,,
부산진구,호텔콤마,부산광역시 부산진구 범천동 858-65,35.14856646,129.0601728,051-631-9979,Y,song/image/sample_image.png,,,,
부산진구,네이버지도명 -'리순덕호텔',부산광역시 부산진구 범천동 858-67,35.14871457,129.0602029,051-645-0700,Y,song/image/sample_image.png,,,,
부산진구,프렌치코드호텔,부산광역시 부산진구 범천동 855-12,35.14726223,129.0602891,051-636-3434,Y,song/image/sample_image.png,,,,
부산진구,롯데호텔,부산광역시 부산진구 부전동 503-15,35.15671602,129.0555873,051-810-1000,Y,song/image/sample_image.png,,,,
부산진구,부산롯데호텔,부산광역시 부산진구 부전동 503-15,35.15679003,129.0564162,051-810-1000,Y,song/image/sample_image.png,,,,
부산진구,브라운도트 호텔 서면역점 비즈니스,부산광역시 부산진구 부전동 511-1,35.15660168,129.0540147,051-818-6200,Y,song/image/sample_image.png,,,,
부산진구,더블린호텔,부산광역시 부산진구 부전동 519-21,35.15505577,129.056593,051-807-0071,Y,song/image/sample_image.png,,,,
부산진구,더홈레이디,부산광역시 부산진구 부전동 100-26,35.1594476,129.0621044,051-809-0039,N,song/image/sample_image.png,,,,
부산진구,소호호텔,부산광역시 부산진구 부전동 112-5,35.15861686,129.0617684,051-817-2501,Y,song/image/sample_image.png,,,,
부산진구,홈호텔,부산광역시 부산진구 부전동 168-323,35.1563924,129.0617138,051-808-6564,Y,song/image/sample_image.png,,,,
부산진구,도원장,부산광역시 부산진구 부전동 280-39,35.1634603,129.0597247,051-808-1450,N,song/image/sample_image.png,,,,
부산진구,지지배,부산광역시 부산진구 부전동 417-25,35.15903981,129.0544999,051-806-7779,N,song/image/sample_image.png,,,,
부산진구,TRTHOTEL,부산광역시 부산진구 부전동 526-18,35.15323683,129.0558452,051-819-8231,Y,song/image/sample_image.png,,,,
부산진구,샤이어호텔,부산광역시 부산진구 부전동 522-40,35.15223043,129.0570959,051-806-7171,Y,song/image/sample_image.png,,,,
부산진구,퀸스호텔,부산광역시 부산진구 부전동 515-54,35.15502879,129.0553457,051-806-8871,Y,song/image/sample_image.png,,,,
부산진구,원진,부산광역시 부산진구 부전동 346-3,35.16321083,129.0594999,051-816-4773,N,song/image/sample_image.png,,,,
부산진구,유니크스테이,부산광역시 부산진구 부전동 513-5,35.15533642,129.0547556,051-808-5583,Y,song/image/sample_image.png,,,,
부산진구,부산 비즈니스 호텔,부산광역시 부산진구 부전동 512-4,35.15610984,129.0545363,051-808-2000,Y,song/image/sample_image.png,,,,
부산진구,짝럭셔리호텔,부산광역시 부산진구 부전동 524-48,35.15298466,129.0564824,051-815-5050,Y,song/image/sample_image.png,,,,
부산진구,부산장,부산광역시 부산진구 부전동 264-4,35.16010913,129.058456,051-644-2671,N,song/image/sample_image.png,,,,
부산진구,넘버25 호텔 서면1번가점,부산광역시 부산진구 부전동 522-21,35.15261614,129.0570678,051-805-6801,Y,song/image/sample_image.png,,,,
부산진구,호텔치즈,부산광역시 부산진구 부전동 524-55,35.15344774,129.0565869,051-819-2551,Y,song/image/sample_image.png,,,,
부산진구,호텔J7,부산광역시 부산진구 부전동 522-26,35.15239458,129.0570356,051-805-2613,N,song/image/sample_image.png,,,,
부산진구,시티호텔지앤지,부산광역시 부산진구 부전동 521-17,35.15359537,129.0568996,051-808-7900,Y,song/image/sample_image.png,,,,
부산진구,라라비안코 비즈니스 호텔,부산광역시 부산진구 부전동 474-8,35.15882716,129.0559571,051-803-8800,Y,song/image/sample_image.png,,,,
부산진구,호텔티티,부산광역시 부산진구 부전동 401-12,35.16069778,129.0564859,051-808-5514,Y,song/image/sample_image.png,,,,
부산진구,캘리호스텔 서면본점,부산광역시 부산진구 부전동 265-23,35.16026523,129.0592033,051-803-5001,Y,song/image/sample_image.png,,,,
부산진구,호텔밴드,부산광역시 부산진구 부전동 403-30,35.16064593,129.0560726,070-7335-0900,Y,song/image/sample_image.png,,,,
부산진구,초원장,부산광역시 부산진구 부전동 392-7,35.16216813,129.0564855,051-807-8944,Y,song/image/sample_image.png,,,,
부산진구,넘버25호텔,부산광역시 부산진구 부전동 260-12,35.15914491,129.0594884,051-807-4800,Y,song/image/sample_image.png,,,,
부산진구,IB호텔,부산광역시 부산진구 부전동 522-28,35.15224743,129.0572604,051-805-5678,Y,song/image/sample_image.png,,,,
부산진구,유나호텔 비지니스,부산광역시 부산진구 부전동 533-2,35.15198678,129.0573227,051-803-0783,Y,song/image/sample_image.png,,,,
부산진구,사우스반데코호텔,부산광역시 부산진구 부전동 534-3,35.15104769,129.0581902,051-815-5252,Y,song/image/sample_image.png,,,,
부산진구,솔라리아니시테츠호텔,부산광역시 부산진구 부전동 233-16,35.15237637,129.0581917,051-802-8586,Y,song/image/sample_image.png,,,,
부산진구,트래블라이트,부산광역시 부산진구 부전동 242-13,35.15466291,129.058243,051-803-7281,N,song/image/sample_image.png,,,,
부산진구,부산게스트하우스세리인,부산광역시 부산진구 부전동 474-83,35.15932136,129.0559058,051-714-0754,N,song/image/sample_image.png,,,,
부산진구,핑크장,부산광역시 부산진구 부전동 477-10,35.15834458,129.0555458,051-803-9799,N,song/image/sample_image.png,,,,
부산진구,브라운도트 호텔 서면1호점,부산광역시 부산진구 부전동 122-22,35.15896579,129.0611729,051-818-8899,Y,song/image/sample_image.png,,,,
부산진구,"네이버지도명 - '미니 바이 유니크스테이', 간판 - 'HOTEL MINI'",부산광역시 부산진구 부전동 457-4,35.15297378,129.0548166,051-956-1212,N,song/image/sample_image.png,,,,
부산진구,K게스트하우스,부산광역시 부산진구 부전동 232-16,35.15270274,129.0585855,070-7749-3650,N,song/image/sample_image.png,,,,
부산진구,24게스트하우스,부산광역시 부산진구 부전동 232-15,35.15285601,129.0585788,070-8245-6771,N,song/image/sample_image.png,,,,
부산진구,호텔야자,부산광역시 부산진구 부전동 535-26,35.1511465,129.0586256,051-817-5900,Y,song/image/sample_image.png,,,,
부산진구,삼천장,부산광역시 부산진구 부전동 156-43,35.15712977,129.0601993,051-305-1227,N,song/image/sample_image.png,,,,
부산진구,이비스앰배서더,부산광역시 부산진구 부전동 573-7,35.16184477,129.0618816,051-930-1100,Y,song/image/sample_image.png,,,,
부산진구,어반스테이더센트럴,부산광역시 부산진구 부전동 129-1,35.15931262,129.0609156,070-4128-4417,Y,song/image/sample_image.png,,,,
부산진구,호텔유케이,부산광역시 부산진구 부전동 220-2,35.15386257,129.0613436,051-807-2343,Y,song/image/sample_image.png,,,,
부산진구,그랑호텔,부산광역시 부산진구 부전동 217-4,35.15411878,129.0611082,051-819-8401,N,song/image/sample_image.png,,,,
부산진구,호텔 아리아 서면,부산광역시 부산진구 부전동 168-348,35.1560295,129.0612241,051-804-1801,Y,song/image/sample_image.png,,,,
부산진구,브이호텔,부산광역시 부산진구 부전동 515-9,35.15474852,129.0557498,051-816-5153,Y,song/image/sample_image.png,,,,
부산진구,호텔엘레펀트,부산광역시 부산진구 부전동 519-36,35.15532509,129.0560521,051-995-5848,N,song/image/sample_image.png,,,,
부산진구,호텔 25시,부산광역시 부산진구 부전동 520-18,35.15484717,129.0562535,051-809-2966,Y,song/image/sample_image.png,,,,
부산진구,호텔 더 스위트,부산광역시 부산진구 부전동 519-27,35.15504664,129.0562299,051-803-7979,Y,song/image/sample_image.png,,,,
부산진구,호텔더스위트,부산광역시 부산진구 부전동 519-27,35.15504664,129.0562299,051-803-7979,Y,song/image/sample_image.png,,,,
부산진구,호텔와이티티,부산광역시 부산진구 부전동 515-3,35.15555822,129.0553379,051-802-5035,Y,song/image/sample_image.png,,,,
부산진구,하운드호텔,부산광역시 부산진구 부전동 520-19,35.15485427,129.0560237,051-809-0008,Y,song/image/sample_image.png,,,,
부산진구,호텔25시,부산광역시 부산진구 부전동 520-18,35.15484717,129.0562535,051-809-2966,Y,song/image/sample_image.png,,,,
부산진구,라이온호텔,부산광역시 부산진구 부전동 519-26,35.15508346,129.056101,051-808-3593,Y,song/image/sample_image.png,,,,
부산진구,호텔야자,부산광역시 부산진구 부전동 516-37,35.15556388,129.0560698,051-818-0515,Y,song/image/sample_image.png,,,,
부산진구,더클럽호텔,부산광역시 부산진구 부전동 520-3,35.15485176,129.0565632,051-808-0125,Y,song/image/sample_image.png,,,,
부산진구,더클럽호텔,부산광역시 부산진구 부전동 520-3,35.15478012,129.0565531,051-808-0125,Y,song/image/sample_image.png,,,,
부산진구,아르반호텔,부산광역시 부산진구 부전동 517-60,35.15463886,129.0571894,051-805-9901,Y,song/image/sample_image.png,,,,
부산진구,엔젤호텔,부산광역시 부산진구 부전동 222-4,35.1540265,129.0619158,051-802-8223,N,song/image/sample_image.png,,,,
부산진구,호텔 엔젤,부산광역시 부산진구 부전동 222-4,35.15408577,129.0618853,051-802-8223,Y,song/image/sample_image.png,,,,
부산진구,신신호텔,부산광역시 부산진구 부전동 263-11,35.15980174,129.0589835,051-816-4479,Y,song/image/sample_image.png,,,,
부산진구,화지청소년문화회관,부산광역시 부산진구 양정동 464-1,35.17514854,129.0616758,051-867-5800,Y,song/image/sample_image.png,,,,
부산진구,양정청소년수련관,부산광역시 부산진구 양정동 260-5,35.17729624,129.0717334,051-868-0750,Y,song/image/sample_image.png,,,,
부산진구,스테이에비뉴호텔 양정점,부산광역시 부산진구 양정동 394-27,35.17122129,129.0691565,051-853-1821,Y,song/image/sample_image.png,,,,
부산진구,브라운도트 호텔 양정점,부산광역시 부산진구 양정동 394-25,35.17136231,129.0691209,051-866-6888,Y,song/image/sample_image.png,,,,
부산진구,호텔369,부산광역시 부산진구 양정동 363-45,35.16912541,129.068879,051-863-2464,Y,song/image/sample_image.png,,,,
부산진구,호텔369,부산광역시 부산진구 양정동 363-45,35.16911933,129.0688748,051-863-2464,Y,song/image/sample_image.png,,,,
부산진구,윙크장,부산광역시 부산진구 양정동 270-1,35.17551439,129.0739968,051-867-6646,Y,song/image/sample_image.png,,,,
부산진구,영진목욕탕,부산광역시 부산진구 전포동 183-24,35.16049079,129.0661793,051-809-1411,N,song/image/sample_image.png,,,,
부산진구,토요코인호텔,부산광역시 부산진구 전포동 666-8,35.15796708,129.0640808,051-638-1045,Y,song/image/sample_image.png,,,,
부산진구,토요코인호텔 부산서면,부산광역시 부산진구 전포동 666-8,35.15796689,129.0640534,051-638-1045,Y,song/image/sample_image.png,,,,
부산진구,브라운도트호텔,부산광역시 부산진구 초읍동 291-5,35.18098586,129.0478229,051-804-3900,Y,song/image/sample_image.png,,,,
부산진구,쏠호텔,부산광역시 부산진구 초읍동 290-18,35.18105762,129.0482399,051-804-4743,Y,song/image/sample_image.png,,,,
부산진구,이화장,부산광역시 부산진구 초읍동 290-15,35.18114716,129.0486552,051-802-2778,Y,song/image/sample_image.png,,,,
부산진구,초읍 유나호텔,부산광역시 부산진구 초읍동 171-17,35.18214498,129.0482519,051-805-0305,Y,song/image/sample_image.png,,,,
부산진구,넘버25 호텔 초읍점,부산광역시 부산진구 초읍동 171-19,35.18196497,129.048263,051-803-8560,Y,song/image/sample_image.png,,,,
부산진구,비타민호텔,부산광역시 부산진구 초읍동 290-3,35.18155566,129.048036,051-804-5320,Y,song/image/sample_image.png,,,,
부산진구,비타민호텔,부산광역시 부산진구 초읍동 290-3,35.18155164,129.0480257,051-804-5320,Y,song/image/sample_image.png,,,,
부산진구,라라호텔,부산광역시 부산진구 초읍동 171-5,35.18220792,129.0478919,051-808-9096,Y,song/image/sample_image.png,,,,
북구,엠유,부산광역시 북구 구포동 410-7,35.20640856,128.9993393,051-337-3025,Y,song/image/sample_image.png,,,,
북구,녹천장,부산광역시 북구 구포동 413-29,35.20612312,128.9992365,051-334-8377,N,song/image/sample_image.png,,,,
북구,아몬드호텔,부산광역시 북구 구포동 1060-259,35.2049175,128.9957229,051-365-1834,Y,song/image/sample_image.png,,,,
북구,울산장,부산광역시 북구 구포동 1060-255,35.20441347,128.9956883,051-333-1122,N,song/image/sample_image.png,,,,
북구,이데아호텔,부산광역시 북구 구포동 297-8,35.20749588,128.9994216,051-337-7452,Y,song/image/sample_image.png,,,,
북구,스미스호텔,부산광역시 북구 구포동 500,35.20900888,129.0010643,051-343-9877,Y,song/image/sample_image.png,,,,
북구,서울,부산광역시 북구 구포동 1068-11,35.20338034,128.9944307,051-332-4640,N,song/image/sample_image.png,,,,
북구,서전별장,부산광역시 북구 구포동 255-3,35.20720508,128.9986443,051-332-9754,N,song/image/sample_image.png,,,,
북구,대업장,부산광역시 북구 구포동 253-10,35.2072045,128.9981747,051-335-6688,N,song/image/sample_image.png,,,,
북구,브라운도트호텔,부산광역시 북구 구포동 481,35.20833283,129.001219,051-334-3050,Y,song/image/sample_image.png,,,,
북구,부산광역시인재개발원,부산광역시 북구 금곡동 1910,35.2670397,129.0231606,051-366-7511,Y,song/image/sample_image.png,,,,
북구,금곡청소년수련원,부산광역시 북구 금곡동 100-1,35.25948514,129.0166789,051-361-6685,N,song/image/sample_image.png,,,,
북구,에이유호텔,부산광역시 북구 덕천동 351-5,35.21040931,129.0031021,051-337-3535,N,song/image/sample_image.png,,,,
북구,덕천코코호텔,부산광역시 북구 덕천동 355-3,35.21197204,129.0095596,051-343-4121,Y,song/image/sample_image.png,,,,
북구,온누리원룸텔,부산광역시 북구 덕천동 399-15,35.21090387,129.0064505,051-301-6466,N,song/image/sample_image.png,,,,
북구,브라운도트호텔,부산광역시 북구 덕천동 399-17,35.21086504,129.0062893,051-341-3991,Y,song/image/sample_image.png,,,,
북구,투헤븐호텔,부산광역시 북구 덕천동 352-6,35.21011239,129.0036485,051-334-3757,Y,song/image/sample_image.png,,,,
북구,북구평생학습관,부산광역시 북구 덕천동 410-4,35.21132694,129.0148288,051-309-6171,N,song/image/sample_image.png,,,,
북구,계곡산장,부산광역시 북구 만덕동 546,35.21676753,129.0419164,051-333-9292,Y,song/image/sample_image.png,,,,
북구,브라운도트 호텔 만덕점,부산광역시 북구 만덕동 73-17,35.21168623,129.0467262,051-715-9946,Y,song/image/sample_image.png,,,,
북구,메아리산장,부산광역시 북구 만덕동 산70-1,35.21556581,129.0466352,051-342-2122,Y,song/image/sample_image.png,,,,
북구,더젠틀호텔,부산광역시 북구 만덕동 27120,35.21143134,129.0470369,051-341-4560,Y,song/image/sample_image.png,,,,
북구,금정산가나안수양관,부산광역시 북구 화명동 125-3,35.24257016,129.049573,051-517-5110,Y,song/image/sample_image.png,,,,
북구,호텔야자,부산광역시 북구 화명동 27150,35.23453852,129.0089001,051-363-4694,Y,song/image/sample_image.png,,,,
북구,스파호텔,부산광역시 북구 화명동 27485,35.23445217,129.0098164,051-331-9919,Y,song/image/sample_image.png,,,,
북구,그레이,부산광역시 북구 화명동 27150,35.23455761,129.0087215,051-365-0421,Y,song/image/sample_image.png,,,,
북구,메르시호텔,부산광역시 북구 화명동 27485,35.23449819,129.0096255,051-334-9997,Y,song/image/sample_image.png,,,,
북구,런더너호텔,부산광역시 북구 화명동 25600,35.23578298,129.00896,051-331-7269,Y,song/image/sample_image.png,,,,
사상구,루이스J호텔,부산광역시 사상구 감전동 148-9,35.15395401,128.9735777,051-714-6107,Y,song/image/sample_image.png,,,,
사상구,에어텔부산,부산광역시 사상구 감전동 166-3,35.15278674,128.9751367,051-315-3677,Y,song/image/sample_image.png,,,,
사상구,1954호텔,부산광역시 사상구 감전동 166-4,35.15307003,128.9753807,051-316-0733,Y,song/image/sample_image.png,,,,
사상구,호텔프리마,부산광역시 사상구 감전동 155-24,35.15192309,128.9864574,051-314-0300,Y,song/image/sample_image.png,,,,
사상구,호텔 자,부산광역시 사상구 감전동 158-19,35.15074961,128.9911325,070-1396-8891,Y,song/image/sample_image.png,,,,
사상구,NO25호텔,부산광역시 사상구 감전동 139-28,35.15245083,128.9894575,051-311-8513,Y,song/image/sample_image.png,,,,
사상구,비즈니스호텔 르네상스,부산광역시 사상구 괘법동 559-6,35.16176556,128.9830104,051-312-8580,Y,song/image/sample_image.png,,,,
사상구,호텔파라곤,부산광역시 사상구 괘법동 564-25,35.16192209,128.9813891,051-320-9602,Y,song/image/sample_image.png,,,,
사상구,한도호텔파라곤,부산광역시 사상구 괘법동 564-25,35.16193644,128.9813951,051-320-9602,Y,song/image/sample_image.png,,,,
사상구,YAJA 사상터미널점,부산광역시 사상구 괘법동 270-12,35.16560156,128.9840802,051-321-0017,Y,song/image/sample_image.png,,,,
사상구,화성장,부산광역시 사상구 괘법동 271-11,35.16565859,128.9836857,051-323-3495,N,song/image/sample_image.png,,,,
사상구,소르젠떼비지니스호텔,부산광역시 사상구 괘법동 272-26,35.16487681,128.983987,051-715-2340,Y,song/image/sample_image.png,,,,
사상구,나이스장,부산광역시 사상구 괘법동 272-22,35.16466104,128.984172,051-325-3320,N,song/image/sample_image.png,,,,
사상구,에스 호텔,부산광역시 사상구 괘법동 544-9,35.16332153,128.9859644,051-317-9525,Y,song/image/sample_image.png,,,,
사상구,동원장,부산광역시 사상구 괘법동 555-17,35.15943368,128.9868817,051-322-9200,N,song/image/sample_image.png,,,,
사상구,느티나무오리불고기,부산광역시 사상구 괘법동 824-7,35.16675524,128.9833533,051-328-8206,N,song/image/sample_image.png,,,,
사상구,일루아,부산광역시 사상구 괘법동 271-29,35.16565484,128.9833959,051-714-3222,Y,song/image/sample_image.png,,,,
사상구,1RUA,부산광역시 사상구 괘법동 271-29,35.16565484,128.9833959,051-714-3222,Y,song/image/sample_image.png,,,,
사상구,썸 호텔,부산광역시 사상구 괘법동 526-25,35.16396152,128.9825928,051-316-7770,Y,song/image/sample_image.png,,,,
사상구,빈스70호텔,부산광역시 사상구 괘법동 527-37,35.16427167,128.9807283,051-315-6415,Y,song/image/sample_image.png,,,,
사상구,루이스호텔,부산광역시 사상구 괘법동 526-49,35.16418159,128.9828954,051-322-2999,Y,song/image/sample_image.png,,,,
사상구,나무늘보호텔,부산광역시 사상구 괘법동 526-19,35.16401217,128.9822777,051-317-7337,Y,song/image/sample_image.png,,,,
사상구,온정장,부산광역시 사상구 괘법동 272-7,35.16452556,128.9840366,051-328-0071,N,song/image/sample_image.png,,,,
사상구,연화장,부산광역시 사상구 괘법동 271-14,35.16535433,128.9835432,051-323-7677,N,song/image/sample_image.png,,,,
사상구,호텔더반,부산광역시 사상구 괘법동 272-2,35.16503543,128.9838959,051-320-9400,Y,song/image/sample_image.png,,,,
사상구,금강,부산광역시 사상구 괘법동 581-11,35.15876827,128.9851848,051-311-5420,N,song/image/sample_image.png,,,,
사상구,프리미엄아바호텔,부산광역시 사상구 괘법동 559-4,35.1614781,128.9828291,051-327-8285,Y,song/image/sample_image.png,,,,
사상구,하운드호텔 사상점,부산광역시 사상구 괘법동 569-16,35.16180927,128.9776934,051-323-1211,Y,song/image/sample_image.png,,,,
사상구,호텔 979,부산광역시 사상구 모라동 979-2,35.1883001,128.9886251,070-4991-0473,Y,song/image/sample_image.png,,,,
사상구,화성장,부산광역시 사상구 모라동 1354-4,35.18950433,128.9904763,051-554-2283,N,song/image/sample_image.png,,,,
사상구,호텔이레,부산광역시 사상구 모라동 725-9,35.18245111,128.9841552,051-305-5999,Y,song/image/sample_image.png,,,,
사상구,삼락생태공원오토캠핑장,부산광역시 사상구 삼락동 29-59,35.16652587,128.9690914,051-303-0048,Y,song/image/sample_image.png,,,,
사상구,호텔더메이,부산광역시 사상구 삼락동 18994,35.19522639,128.9861284,051-301-6227,Y,song/image/sample_image.png,,,,
사상구,호텔프랜치코드,부산광역시 사상구 엄궁동 385-2,35.12869769,128.9686695,051-316-9096,Y,song/image/sample_image.png,,,,
사상구,미니호텔,부산광역시 사상구 주례동 74-22,35.14934912,129.012609,051-315-8543,Y,song/image/sample_image.png,,,,
사하구,방가방가게스트하우스,부산광역시 사하구 감천동 10-45,35.09713343,129.0095616,051-207-1212,N,song/image/sample_image.png,,,,
사하구,방가방가게스트하우스,부산광역시 사하구 감천동 10-36,35.09721415,129.0094799,051-207-1212,N,song/image/sample_image.png,,,,
사하구,파라다이스,부산광역시 사하구 감천동 393-11,35.08588204,129.0053656,051-202-1118,N,song/image/sample_image.png,,,,
사하구,청운장,부산광역시 사하구 괴정동 563-8,35.09722541,128.9847249,051-292-4097,Y,song/image/sample_image.png,,,,
사하구,로쏘호텔,부산광역시 사하구 괴정동 1002-1,35.10061304,128.9933311,051-203-3636,Y,song/image/sample_image.png,,,,
사하구,크로바 호텔,부산광역시 사하구 괴정동 477-2,35.09641173,128.9940128,051-205-6611,Y,song/image/sample_image.png,,,,
사하구,그리스,부산광역시 사하구 다대동 203-1,35.05784712,128.9743705,051-261-3960,N,song/image/sample_image.png,,,,
사하구,오이아호텔,부산광역시 사하구 다대동 851-1,35.0574017,128.9727617,051-261-0600,Y,song/image/sample_image.png,,,,
사하구,로망스,부산광역시 사하구 다대동 894,35.05678082,128.9715072,051-263-3303,Y,song/image/sample_image.png,,,,
사하구,부산 당리 오투,부산광역시 사하구 당리동 325-14,35.10272907,128.9750842,051-293-2010,Y,song/image/sample_image.png,,,,
사하구,투하트,부산광역시 사하구 장림동 241-6,35.07959919,128.9778273,051-711-1188,N,song/image/sample_image.png,,,,
사하구,레이어스호텔,부산광역시 사하구 하단동 525-4,35.10661587,128.9643563,051-999-1700,Y,song/image/sample_image.png,,,,
사하구,E팰리스호텔,부산광역시 사하구 하단동 513-3,35.10878682,128.965705,051-207-5083,Y,song/image/sample_image.png,,,,
사하구,E 팰리스 호텔,부산광역시 사하구 하단동 513-3,35.10879272,128.965702,051-207-5083,Y,song/image/sample_image.png,,,,
사하구,브라운도트호텔,부산광역시 사하구 하단동 512-4,35.1083359,128.9658337,051-201-3994,Y,song/image/sample_image.png,,,,
사하구,라스베가스관광호텔,부산광역시 사하구 하단동 527-2,35.10741051,128.966534,051-206-0472,Y,song/image/sample_image.png,,,,
사하구,그린힐호텔,부산광역시 사하구 하단동 511-11,35.10774326,128.9668249,051-206-0289,Y,song/image/sample_image.png,,,,
사하구,굿타임,부산광역시 사하구 하단동 515-16,35.10751927,128.9643215,051-202-2841,Y,song/image/sample_image.png,,,,
사하구,머물다호텔,부산광역시 사하구 하단동 512-2,35.10824527,128.9656181,051-293-8306,Y,song/image/sample_image.png,,,,
사하구,퍼블릭,부산광역시 사하구 하단동 514-25,35.10752392,128.9646676,051-204-3230,Y,song/image/sample_image.png,,,,
사하구,와우호텔,부산광역시 사하구 하단동 515-12,35.10775891,128.9644718,051-203-1188,Y,song/image/sample_image.png,,,,
서구,부산비치관광호텔,부산광역시 서구 남부민동 523-44,35.08497673,129.0262775,051-231-0750,Y,song/image/sample_image.png,,,,
서구,대흥장,부산광역시 서구 남부민동 140-4,35.08753447,129.0239181,051-256-2323,N,song/image/sample_image.png,,,,
서구,대흥장,부산광역시 서구 남부민동 140-4,35.08753066,129.0239198,051-256-2323,N,song/image/sample_image.png,,,,
서구,부산탕,부산광역시 서구 남부민동 645-2,35.09207816,129.0234975,051-243-7365,Y,song/image/sample_image.png,,,,
서구,금호장,부산광역시 서구 부민동1가 13-17,35.10402939,129.0210154,051-244-4567,N,song/image/sample_image.png,,,,
서구,구덕야영장,부산광역시 서구 서대신동3가 13,35.12554995,129.0096934,051-246-4685,Y,song/image/sample_image.png,,,,
서구,구덕야영장구덕수련원,부산광역시 서구 서대신동3가 750,35.1252737,129.0107942,051-246-4685,Y,song/image/sample_image.png,,,,
서구,템플스테이생활관,부산광역시 서구 서대신동3가 1,35.12655044,129.0120484,051-242-0691,Y,song/image/sample_image.png,,,,
서구,투헤븐호텔,부산광역시 서구 암남동 171-7,35.0782926,129.0223655,051-245-4330,Y,song/image/sample_image.png,,,,
서구,99.9호텔,부산광역시 서구 암남동 34090,35.07943772,129.0220522,051-257-9800,Y,song/image/sample_image.png,,,,
서구,마리나호텔,부산광역시 서구 암남동 135,35.07750957,129.0214864,051-256-8899,Y,song/image/sample_image.png,,,,
서구,페어필드바이메리어트,부산광역시 서구 암남동 230,35.07768112,129.0192239,051-260-0000,Y,song/image/sample_image.png,,,,
서구,베스트웨스턴플러스 부산송도호텔,부산광역시 서구 암남동 234,35.07720798,129.0178244,051-977-8888,Y,song/image/sample_image.png,,,,
서구,호텔아비숑,부산광역시 서구 암남동 171-30,35.07819076,129.0223909,051-253-1684,Y,song/image/sample_image.png,,,,
서구,코자자호텔,부산광역시 서구 암남동 171-13,35.07771277,129.0225877,051-231-6486,Y,song/image/sample_image.png,,,,
서구,아비숑,부산광역시 서구 암남동 171-30,35.07821514,129.0223806,051-253-1684,Y,song/image/sample_image.png,,,,
서구,옐로하우스,부산광역시 서구 암남동 191-2,35.07810781,129.0205582,051-256-5324,N,song/image/sample_image.png,,,,
서구,로얄장,부산광역시 서구 암남동 136-13,35.0777064,129.0214716,051-257-2288,N,song/image/sample_image.png,,,,
서구,로얄장,부산광역시 서구 암남동 136-13,35.07772106,129.0214822,051-257-2288,N,song/image/sample_image.png,,,,
서구,2월호텔 송도점,부산광역시 서구 암남동 622-45,35.0653058,129.0136846,051-241-1631,Y,song/image/sample_image.png,,,,
서구,아리아호텔,부산광역시 서구 암남동 622-46,35.06512798,129.0137584,051-241-2501,Y,song/image/sample_image.png,,,,
서구,송도비치호텔,부산광역시 서구 암남동 541-6,35.07478579,129.0156895,051-254-2000,Y,song/image/sample_image.png,,,,
서구,호텔쿼츠,부산광역시 서구 암남동 622-57,35.06480252,129.0136764,051-231-0055,Y,song/image/sample_image.png,,,,
서구,더메이,부산광역시 서구 암남동 334-5,35.07710148,129.0167241,051-256-1222,Y,song/image/sample_image.png,,,,
서구,유엔송도호텔,부산광역시 서구 암남동 335-5,35.07736694,129.0161449,051-242-6635,Y,song/image/sample_image.png,,,,
서구,더메이,부산광역시 서구 암남동 334-5,35.07709886,129.0167165,051-256-1222,Y,song/image/sample_image.png,,,,
서구,브라운도트호텔 송도해수욕장점,부산광역시 서구 암남동 236-3,35.07677393,129.0170325,051-256-1233,Y,song/image/sample_image.png,,,,
서구,EL호텔,부산광역시 서구 암남동 351-4,35.07720063,129.0170002,051-711-9427,Y,song/image/sample_image.png,,,,
서구,호텔얌,부산광역시 서구 암남동 351-1,35.07745152,129.0168941,051-242-5800,Y,song/image/sample_image.png,,,,
서구,부산 송도 휴,부산광역시 서구 암남동 351-7,35.07699528,129.0170686,051-247-0045,Y,song/image/sample_image.png,,,,
서구,천마에코하우스,부산광역시 서구 초장동 38-20,35.09608838,129.01741,070-8917-1503,Y,song/image/sample_image.png,,,,
서구,더샵호텔,부산광역시 서구 충무동1가 ,35.09666499,129.0255186,051-247-8866,Y,song/image/sample_image.png,,,,
서구,더샵호텔,부산광역시 서구 충무동1가 ,35.09669791,129.0255104,051-247-8865,Y,song/image/sample_image.png,,,,
서구,버튼호텔,부산광역시 서구 충무동1가 ,35.09731209,129.0246724,051-257-8254,Y,song/image/sample_image.png,,,,
서구,천수장,부산광역시 서구 충무동2가 4,35.09514779,129.0230852,051-254-8851,N,song/image/sample_image.png,,,,
서구,천수장,부산광역시 서구 충무동2가 ,35.09514777,129.0230852,051-254-8851,N,song/image/sample_image.png,,,,
서구,녹원장,부산광역시 서구 충무동3가 42,35.09401567,129.0212346,051-256-0335,N,song/image/sample_image.png,,,,
수영구,뷰띠끄호텔,부산광역시 수영구 광안동 194-8,35.15321794,129.1170426,051-753-5001,Y,song/image/sample_image.png,,,,
수영구,WOODHOUSE HOTEL,부산광역시 수영구 광안동 157-11,35.15716031,129.1195835,051-754-5789,N,song/image/sample_image.png,,,,
수영구,솔게스트하우스 부산파티점,부산광역시 수영구 광안동 192-1,35.15457462,129.1187264,1522-2364,N,song/image/sample_image.png,,,,
수영구,호메르스호텔,부산광역시 수영구 광안동 193-1,35.15342504,129.1179674,051-750-8000,Y,song/image/sample_image.png,,,,
수영구,아쿠아펠리스호텔,부산광역시 수영구 광안동 192-5,35.15406972,129.1188353,051-790-2300,Y,song/image/sample_image.png,,,,
수영구,켄트 호텔,부산광역시 수영구 광안동 192-7,35.15422798,129.1191294,1670-7464,Y,song/image/sample_image.png,,,,
수영구,SEASEE게스트하우스,부산광역시 수영구 광안동 197-16,35.15156854,129.1166653,051-761-2223,N,song/image/sample_image.png,,,,
수영구,호텔1,부산광역시 수영구 광안동 196-3,35.15249612,129.1173796,051-759-1011,N,song/image/sample_image.png,,,,
수영구,호텔센트럴베이,부산광역시 수영구 광안동 197-2,35.15147287,129.1164364,051-982-9700,Y,song/image/sample_image.png,,,,
수영구,뷰먼드 풀빌라,부산광역시 수영구 광안동 201-9,35.14922574,129.1148125,051-711-8870,Y,song/image/sample_image.png,,,,
수영구,호메르스 호텔,부산광역시 수영구 광안동 193-1,35.15342577,129.11798,051-750-8000,Y,song/image/sample_image.png,,,,
수영구,루크하우스,부산광역시 수영구 광안동 203-18,35.14871769,129.1139602,051-753-0110,Y,song/image/sample_image.png,,,,
수영구,브라운도트 호텔 광안리해수욕장점,부산광역시 수영구 광안동 202-4,35.14981237,129.1147818,051-753-3288,Y,song/image/sample_image.png,,,,
수영구,누리호스텔,부산광역시 수영구 광안동 197-34,35.15173146,129.116631,051-756-2216,Y,song/image/sample_image.png,,,,
수영구,하운드호텔,부산광역시 수영구 광안동 204-5,35.14888374,129.1145507,051-755-0072,Y,song/image/sample_image.png,,,,
수영구,투헤븐호텔,부산광역시 수영구 광안동 202-8,35.14951152,129.1145706,051-757-7661,Y,song/image/sample_image.png,,,,
수영구,망고호텔,부산광역시 수영구 광안동 197-1,35.15189732,129.1167352,051-758-6960,N,song/image/sample_image.png,,,,
수영구,더뷰게스트하우스,부산광역시 수영구 광안동 199-6,35.15049668,129.115316,051-921-5115,N,song/image/sample_image.png,,,,
수영구,씨유호텔,부산광역시 수영구 광안동 204-2,35.14903052,129.1146047,051-754-5751,Y,song/image/sample_image.png,,,,
수영구,누리호텔,부산광역시 수영구 광안동 197-34,35.15174846,129.1166075,051-756-2216,Y,song/image/sample_image.png,,,,
수영구,유토피아관광호텔,부산광역시 수영구 광안동 18323,35.16744421,129.1171132,051-757-1100,Y,song/image/sample_image.png,,,,
수영구,웁스호텔,부산광역시 수영구 광안동 74-13,35.16686743,129.1156296,051-754-3003,Y,song/image/sample_image.png,,,,
수영구,호텔더라찌,부산광역시 수영구 광안동 164-5,35.15527099,129.1131799,051-751-0134,Y,song/image/sample_image.png,,,,
수영구,부산아시아영화학교,부산광역시 수영구 광안동 1276-1,35.15180194,129.1078474,051-750-3204,Y,song/image/sample_image.png,,,,
수영구,디스커버리부산게스트하우스,부산광역시 수영구 광안동 50-21,35.16734883,129.116424,051-714-1666,N,song/image/sample_image.png,,,,
수영구,금련산청소년수련원,부산광역시 수영구 광안동 산59-1,35.15516094,129.1022813,051-625-0709,Y,song/image/sample_image.png,,,,
수영구,델라디,부산광역시 수영구 남천동 3-39,35.14810188,129.1141239,051-623-5886,N,song/image/sample_image.png,,,,
수영구,갤러리호텔,부산광역시 수영구 남천동 ,35.14605111,129.1105322,051-625-4000,Y,song/image/sample_image.png,,,,
수영구,레이게스트하우스,부산광역시 수영구 민락동 185-9,35.15491892,129.1189844,070-8828-5454,N,song/image/sample_image.png,,,,
수영구,에이치라운지,부산광역시 수영구 민락동 178-13,35.15516457,129.1211644,070-8877-0607,Y,song/image/sample_image.png,,,,
수영구,베스트루이스해밀턴호텔,부산광역시 수영구 민락동 181-205,35.15557963,129.1240009,051-760-0808,Y,song/image/sample_image.png,,,,
수영구,브라운도트호텔,부산광역시 수영구 민락동 181-154,35.15405956,129.1246982,051-755-8284,Y,song/image/sample_image.png,,,,
수영구,오션스테이호텔,부산광역시 수영구 민락동 181-154,35.1539705,129.1245151,051-759-0100,Y,song/image/sample_image.png,,,,
수영구,더베이클럽호텔,부산광역시 수영구 민락동 181-154,35.1539705,129.1245151,051-761-1369,Y,song/image/sample_image.png,,,,
수영구,호텔디옴므,부산광역시 수영구 민락동 181-154,35.15396161,129.1245126,051-751-9733,Y,song/image/sample_image.png,,,,
수영구,스타호텔,부산광역시 수영구 민락동 181-90,35.15577556,129.1250287,051-761-1800,Y,song/image/sample_image.png,,,,
수영구,호텔더그랑,부산광역시 수영구 민락동 181-91,35.15585579,129.1252446,051-754-0533,Y,song/image/sample_image.png,,,,
수영구,페트라하우스,부산광역시 수영구 민락동 181-52,35.15713434,129.1260372,051-754-0881,Y,song/image/sample_image.png,,,,
수영구,레지던스호텔 다온채,부산광역시 수영구 민락동 12420,35.15770589,129.1264923,051-758-4400,Y,song/image/sample_image.png,,,,
수영구,광안스테이,부산광역시 수영구 민락동 ,35.15783606,129.1267085,051-751-7255,Y,song/image/sample_image.png,,,,
수영구,호텔런더너,부산광역시 수영구 민락동 121-8,35.15765609,129.128702,051-755-0055,Y,song/image/sample_image.png,,,,
수영구,호텔메종,부산광역시 수영구 민락동 181-49,35.15700292,129.1255247,051-757-5454,Y,song/image/sample_image.png,,,,
수영구,라움103,부산광역시 수영구 민락동 110-51,35.15479506,129.1318229,051-758-1030,Y,song/image/sample_image.png,,,,
수영구,호텔AG405,부산광역시 수영구 민락동 110-60,35.15646734,129.1346184,051-757-2500,Y,song/image/sample_image.png,,,,
수영구,호텔헤이,부산광역시 수영구 민락동 181-145,35.15453083,129.1242139,051-759-3030,Y,song/image/sample_image.png,,,,
수영구,게드게스트하우스,부산광역시 수영구 민락동 181-141,35.15472203,129.124115,051-756-4139,N,song/image/sample_image.png,,,,
수영구,브라운도트호텔,부산광역시 수영구 수영동 450-5,35.16859428,129.11412,051-755-3333,Y,song/image/sample_image.png,,,,
연제구,브이호텔,부산광역시 연제구 연산동 1244-6,35.18581461,129.0794012,051-864-6122,Y,song/image/sample_image.png,,,,
연제구,더 제니스 호텔,부산광역시 연제구 연산동 1279-26,35.18524061,129.079743,051-868-3335,Y,song/image/sample_image.png,,,,
연제구,아마레호텔연산점,부산광역시 연제구 연산동 1255-6,35.18640951,129.0786249,051-851-8500,Y,song/image/sample_image.png,,,,
연제구,시애틀비 호텔,부산광역시 연제구 연산동 1255-4,35.18627897,129.0788869,051-852-7685,Y,song/image/sample_image.png,,,,
연제구,호텔야자 연산1호점,부산광역시 연제구 연산동 1255-9,35.18652291,129.0783914,051-868-0728,Y,song/image/sample_image.png,,,,
연제구,호텔 스미스,부산광역시 연제구 연산동 1143-9,35.186644,129.078785,051-862-7878,Y,song/image/sample_image.png,,,,
연제구,호텔야자 연산1호점,부산광역시 연제구 연산동 1255-9,35.18652291,129.0783914,051-868-0728,Y,song/image/sample_image.png,,,,
연제구,더킹호텔,부산광역시 연제구 연산동 417-3,35.18585239,129.1069609,051-752-1999,Y,song/image/sample_image.png,,,,
연제구,브라운도트 호텔 연산토곡점,부산광역시 연제구 연산동 417-23,35.18564384,129.106574,051-752-3312,Y,song/image/sample_image.png,,,,
연제구,호텔로이,부산광역시 연제구 연산동 417-2,35.18587762,129.106534,051-761-2377,Y,song/image/sample_image.png,,,,
연제구,투헤븐호텔,부산광역시 연제구 연산동 418-6,35.18653226,129.1066296,051-755-3542,Y,song/image/sample_image.png,,,,
연제구,연산 토곡 그레이191 호텔,부산광역시 연제구 연산동 417-12,35.18516296,129.1065378,051-758-8001,Y,song/image/sample_image.png,,,,
연제구,호텔 로이,부산광역시 연제구 연산동 417-2,35.18590697,129.1066112,051-761-2377,Y,song/image/sample_image.png,,,,
연제구,호텔오마이,부산광역시 연제구 연산동 417-19,35.18496721,129.1065658,051-751-5800,Y,song/image/sample_image.png,,,,
연제구,샤이어호텔,부산광역시 연제구 연산동 603-54,35.18675928,129.0831931,070-7039-9221,Y,song/image/sample_image.png,,,,
연제구,일루아,부산광역시 연제구 연산동 603-49,35.18653138,129.0836739,051-852-3800,N,song/image/sample_image.png,,,,
연제구,아르반 시티 호텔,부산광역시 연제구 연산동 603-10,35.18697407,129.0833083,051-851-9949,Y,song/image/sample_image.png,,,,
연제구,호텔더루아,부산광역시 연제구 연산동 709-6,35.18436118,129.0820014,051-865-5398,Y,song/image/sample_image.png,,,,
연제구,BNB호텔,부산광역시 연제구 연산동 746-1,35.1851302,129.0830607,051-866-8277,Y,song/image/sample_image.png,,,,
연제구,유아인호텔,부산광역시 연제구 연산동 731-9,35.18539766,129.0830986,051-864-0990,Y,song/image/sample_image.png,,,,
연제구,17th 호텔,부산광역시 연제구 연산동 1242-5,35.18603202,129.0803314,051-851-5556,Y,song/image/sample_image.png,,,,
연제구,하운드호텔 연산,부산광역시 연제구 연산동 1244-7,35.18606603,129.0794033,051-866-3700,Y,song/image/sample_image.png,,,,
연제구,다이아몬드호텔,부산광역시 연제구 연산동 1127-1,35.18772367,129.0793516,051-867-9735,Y,song/image/sample_image.png,,,,
연제구,부원장,부산광역시 연제구 연산동 1255-19,35.18642857,129.0780412,051-862-4038,N,song/image/sample_image.png,,,,
연제구,엠버스호텔,부산광역시 연제구 연산동 708-14,35.18394103,129.081643,051-868-9151,Y,song/image/sample_image.png,,,,
연제구,굿스테이 센트럴 호텔,부산광역시 연제구 연산동 675-9,35.1877504,129.0815451,051-866-6525,Y,song/image/sample_image.png,,,,
연제구,목화호텔,부산광역시 연제구 연산동 1124-3,35.18806053,129.0806004,051-853-1818,Y,song/image/sample_image.png,,,,
연제구,하운드호텔 연산,부산광역시 연제구 온천동 1446-1,35.18609048,129.0793938,051-866-3700,Y,song/image/sample_image.png,,,,
영도구,노스하버호텔부산,부산광역시 영도구 대교동1가 40,35.09394251,129.0373614,051-414-3333,Y,song/image/sample_image.png,,,,
영도구,미디호텔부산,부산광역시 영도구 대교동1가 40,35.09401694,129.0373291,051-418-8888,Y,song/image/sample_image.png,,,,
영도구,베이하운드호텔,부산광역시 영도구 대교동1가 24838,35.09314878,129.038423,051-413-1114,Y,song/image/sample_image.png,,,,
영도구,낙원장,부산광역시 영도구 대교동2가 108-3,35.09163777,129.0422684,051-413-0287,N,song/image/sample_image.png,,,,
영도구,함지골청소년수련관,부산광역시 영도구 동삼동 149-4,35.07445344,129.0541515,051-405-5223,Y,song/image/sample_image.png,,,,
영도구,태종파크텔,부산광역시 영도구 동삼동 979-8,35.06491823,129.080614,051-405-3600,Y,song/image/sample_image.png,,,,
영도구,호텔브릿지,부산광역시 영도구 봉래동1가 ,35.09416941,129.0389774,051-415-1008,Y,song/image/sample_image.png,,,,
영도구,라발스호텔,부산광역시 영도구 봉래동1가 29,35.09448004,129.0391321,051-790-1500,Y,song/image/sample_image.png,,,,
영도구,글랜스호텔,부산광역시 영도구 봉래동1가 ,35.09344561,129.0388484,051-418-3845,Y,song/image/sample_image.png,,,,
영도구,프리하우스,부산광역시 영도구 봉래동5가 119-41,35.09303507,129.0550097,070-7105-8107,N,song/image/sample_image.png,,,,
영도구,청학소담,부산광역시 영도구 청학동 398-20,35.09352141,129.0582109,051-514-7529,N,song/image/sample_image.png,,,,
중구,이코노미24게이스하우스,부산광역시 중구 광복동1가 ,35.09938406,129.0345147,051-526-1121,N,song/image/sample_image.png,,,,
중구,더라스트호텔,부산광역시 중구 광복동1가 ,35.09887569,129.0337625,051-255-0770,Y,song/image/sample_image.png,,,,
중구,WA호텔,부산광역시 중구 광복동1가 33,35.09904314,129.034993,051-245-0055,Y,song/image/sample_image.png,,,,
중구,바르도호텔,부산광역시 중구 광복동2가 2-81,35.09930783,129.0325369,051-248-3339,Y,song/image/sample_image.png,,,,
중구,이지스테이,부산광역시 중구 광복동3가 5-51,35.09981123,129.0315,051-231-2313,N,song/image/sample_image.png,,,,
중구,24게스트하우스,부산광역시 중구 남포동1가 ,35.09682595,129.0264085,051-257-7005,Y,song/image/sample_image.png,,,,
중구,24게스트하우스,부산광역시 중구 남포동1가 ,35.09764829,129.0345052,051-257-7005,N,song/image/sample_image.png,,,,
중구,호텔모모,부산광역시 중구 남포동1가 12785,35.09672876,129.0354641,051-243-2900,N,song/image/sample_image.png,,,,
중구,스테이웰호텔,부산광역시 중구 남포동2가 37,35.09793834,129.0333936,051-710-0096,Y,song/image/sample_image.png,,,,
중구,펀스테이게스트하우스,부산광역시 중구 남포동2가 ,35.09808016,129.0326388,051-254-2203,N,song/image/sample_image.png,,,,
중구,미니호텔메이,부산광역시 중구 남포동2가 ,35.09828341,129.032287,051-243-3600,Y,song/image/sample_image.png,,,,
중구,호텔린,부산광역시 중구 남포동2가 ,35.09828341,129.032287,051-244-2860,Y,song/image/sample_image.png,,,,
중구,K게스트하우스,부산광역시 중구 남포동2가 11355,35.09813514,129.0329179,070-8848-3650,N,song/image/sample_image.png,,,,
중구,K게스트하우스,부산광역시 중구 남포동2가 36-22,35.09801969,129.0330494,070-8848-3650,N,song/image/sample_image.png,,,,
중구,브로시스호텔,부산광역시 중구 남포동4가 ,35.09859519,129.0308887,051-256-5818,Y,song/image/sample_image.png,,,,
중구,스탠포드인부산,부산광역시 중구 남포동5가 20455,35.09785869,129.0299505,051-795-7700,Y,song/image/sample_image.png,,,,
중구,호텔포레프리미어,부산광역시 중구 남포동5가 ,35.09841612,129.0296679,051-242-2200,Y,song/image/sample_image.png,,,,
중구,팝콘호스텔,부산광역시 중구 남포동5가 19360,35.0977582,129.0295468,051-246-2097,N,song/image/sample_image.png,,,,
중구,호텔노아,부산광역시 중구 남포동5가 29221,35.09748192,129.0292844,051-710-6777,Y,song/image/sample_image.png,,,,
중구,삼원장,부산광역시 중구 남포동5가 21186,35.09787867,129.030169,051-245-7916,N,song/image/sample_image.png,,,,
중구,MGM호텔,부산광역시 중구 남포동6가 101-4,35.09794813,129.026131,051-231-8661,Y,song/image/sample_image.png,,,,
중구,브이호텔,부산광역시 중구 남포동6가 105-1,35.0978713,129.0257736,051-244-0700,Y,song/image/sample_image.png,,,,
중구,게스트하우스디어문,부산광역시 중구 남포동6가 34700,35.09836846,129.0268976,051-248-7179,N,song/image/sample_image.png,,,,
중구,태양장,부산광역시 중구 남포동6가 115-7,35.09659254,129.0262818,051-246-0987,N,song/image/sample_image.png,,,,
중구,오션투헤븐호텔앤스파,부산광역시 중구 남포동6가 29,35.09669044,129.0266548,051-241-0069,Y,song/image/sample_image.png,,,,
중구,BIFF게스트하우스,부산광역시 중구 남포동6가 34759,35.0982571,129.0269694,051-245-1937,N,song/image/sample_image.png,,,,
중구,신흥,부산광역시 중구 남포동6가 29312,35.09804906,129.0275019,051-244-4321,N,song/image/sample_image.png,,,,
중구,토요코인호텔,부산광역시 중구 대창동1가 ,35.10902456,129.0366463,051-442-1045,Y,song/image/sample_image.png,,,,
중구,K79게스트하우스,부산광역시 중구 대청동2가 ,35.10258922,129.0304784,051-242-8279,Y,song/image/sample_image.png,,,,
중구,넘버25호텔,부산광역시 중구 대청동2가 ,35.10311942,129.031695,051-464-8532,Y,song/image/sample_image.png,,,,
중구,호텔콘트,부산광역시 중구 대청동2가 30-17,35.10190464,129.0314402,051-244-0088,Y,song/image/sample_image.png,,,,
중구,하늘섬게스트하우스,부산광역시 중구 동광동1가 ,35.09990907,129.0354688,051-243-2483,N,song/image/sample_image.png,,,,
중구,부산관광호텔,부산광역시 중구 동광동2가 ,35.10057499,129.0346015,051-241-4301,Y,song/image/sample_image.png,,,,
중구,MU호텔,부산광역시 중구 동광동2가 ,35.09993967,129.0342552,051-243-0076,Y,song/image/sample_image.png,,,,
중구,비엔비펜션,부산광역시 중구 동광동2가 11-46,35.10000638,129.0343348,051-241-0007,N,song/image/sample_image.png,,,,
중구,소유호텔,부산광역시 중구 동광동2가 ,35.10081706,129.0343742,051-253-1118,Y,song/image/sample_image.png,,,,
중구,호텔야자,부산광역시 중구 동광동2가 ,35.09991692,129.0345709,051-247-1030,Y,song/image/sample_image.png,,,,
중구,부산게스트하우스타워,부산광역시 중구 동광동2가 17-14,35.10028687,129.0341365,051-246-7314,N,song/image/sample_image.png,,,,
중구,아리아호텔,부산광역시 중구 동광동2가 17-26,35.10075166,129.0339713,051-257-9882,Y,song/image/sample_image.png,,,,
중구,엘리제호텔,부산광역시 중구 동광동3가 46,35.10103081,129.0339701,051-241-4008,Y,song/image/sample_image.png,,,,
중구,더하운드호텔,부산광역시 중구 동광동3가 ,35.10201804,129.0339878,051-231-3123,Y,song/image/sample_image.png,,,,
중구,엘리제호텔,부산광역시 중구 동광동3가 46,35.1010197,129.033979,051-241-4008,Y,song/image/sample_image.png,,,,
중구,와이티티호텔남포,부산광역시 중구 동광동3가 14,35.10154966,129.0347067,051-254-7772,Y,song/image/sample_image.png,,,,
중구,타워힐 호텔,부산광역시 중구 동광동3가 20,35.10113477,129.0343481,051-250-6100,Y,song/image/sample_image.png,,,,
중구,타워힐호텔,부산광역시 중구 동광동3가 20,35.10112619,129.0342849,051-250-6100,Y,song/image/sample_image.png,,,,
중구,호텔40계단,부산광역시 중구 동광동5가 17564,35.10405777,129.03443,051-469-8755,N,song/image/sample_image.png,,,,
중구,호텔빌리,부산광역시 중구 보수동3가 ,35.10515918,129.0216498,051-245-5800,Y,song/image/sample_image.png,,,,
중구,빌리호텔,부산광역시 중구 보수동3가 ,35.10515874,129.0216415,051-245-5800,Y,song/image/sample_image.png,,,,
중구,로즈텔,부산광역시 중구 보수동3가 19115,35.10380921,129.0217769,051-244-6689,N,song/image/sample_image.png,,,,
중구,오아시스,부산광역시 중구 부평동1가 14671,35.09931413,129.0265351,051-246-7011,N,song/image/sample_image.png,,,,
중구,마이호스텔,부산광역시 중구 부평동1가 15128,35.09905857,129.0265386,051-245-9939,N,song/image/sample_image.png,,,,
중구,하루애,부산광역시 중구 부평동1가 30-48,35.10025368,129.0267022,051-246-2345,N,song/image/sample_image.png,,,,
중구,우리게스트하우스,부산광역시 중구 부평동2가 ,35.09955931,129.0259674,051-246-8697,N,song/image/sample_image.png,,,,
중구,호텔미니,부산광역시 중구 부평동2가 13667,35.09876298,129.0257971,070-4953-9300,N,song/image/sample_image.png,,,,
중구,헤르메스호텔,부산광역시 중구 부평동2가 18660,35.09922176,129.0252212,051-244-1100,N,song/image/sample_image.png,,,,
중구,미도장,부산광역시 중구 부평동2가 47,35.0989004,129.0254804,051-241-1817,N,song/image/sample_image.png,,,,
중구,굿스테이 대영 호텔,부산광역시 중구 부평동2가 24990,35.10110154,129.0255511,051-241-4661,Y,song/image/sample_image.png,,,,
중구,동성장,부산광역시 중구 부평동2가 ,35.10149284,129.0263677,051-246-0461,N,song/image/sample_image.png,,,,
중구,호텔마르쉐,부산광역시 중구 부평동2가 23316,35.10023763,129.0252913,051-245-7900,Y,song/image/sample_image.png,,,,
중구,호텔보브,부산광역시 중구 부평동3가 19025,35.10022128,129.0248422,051-257-8255,Y,song/image/sample_image.png,,,,
중구,지앤비호텔,부산광역시 중구 부평동3가 14732,35.10123942,129.0248185,051-243-5555,Y,song/image/sample_image.png,,,,
중구,해림사우나&휘트니스,부산광역시 중구 부평동3가 62-13,35.10092804,129.0242846,051-241-7676,Y,song/image/sample_image.png,,,,
중구,투헤븐호텔,부산광역시 중구 부평동3가 23012,35.10134955,129.0242851,051-256-3338,Y,song/image/sample_image.png,,,,
중구,금강장,부산광역시 중구 부평동3가 27760,35.10255383,129.0244885,051-247-3334,Y,song/image/sample_image.png,,,,
중구,MK게스트하우스,부산광역시 중구 부평동4가 ,35.1009672,129.0236368,051-244-0848,N,song/image/sample_image.png,,,,
중구,황토방,부산광역시 중구 부평동4가 ,35.10260237,129.0229042,051-247-3124,N,song/image/sample_image.png,,,,
중구,더로컬,부산광역시 중구 신창동1가 11749,35.10191309,129.0299791,051-817-9977,N,song/image/sample_image.png,,,,
중구,힐사이드관광호텔,부산광역시 중구 영주동 743-33,35.10923822,129.0359654,051-464-0567,Y,song/image/sample_image.png,,,,
중구,코모도호텔,부산광역시 중구 영주동 742-13,35.10917144,129.035458,051-466-9101,Y,song/image/sample_image.png,,,,
중구,G호텔,부산광역시 중구 영주동 743-14,35.10905006,129.0359224,051-441-3385,Y,song/image/sample_image.png,,,,
중구,호텔더루아,부산광역시 중구 중앙동1가 23-24,35.10083809,129.0353054,051-257-8516,Y,song/image/sample_image.png,,,,
중구,수이호스텔,부산광역시 중구 중앙동1가 ,35.10108664,129.0360053,051-246-3657,N,song/image/sample_image.png,,,,
중구,배러댄와플센트럴파크호텔,부산광역시 중구 중앙동1가 ,35.10050339,129.0359479,051-243-8004,Y,song/image/sample_image.png,,,,
중구,센트럴파크호텔,부산광역시 중구 중앙동1가 ,35.10051662,129.035957,051-243-8001,N,song/image/sample_image.png,,,,
중구,단디게스트하우스,부산광역시 중구 중앙동4가 40-19,35.10413773,129.0345949,051-1661-9263,N,song/image/sample_image.png,,,,
중구,단디게스트하우스,부산광역시 중구 중앙동4가 40-19,35.10414338,129.0346609,051-1661-9263,N,song/image/sample_image.png,,,,
중구,크라운하버호텔,부산광역시 중구 중앙동4가 30317,35.10756227,129.0367993,051-678-1000,Y,song/image/sample_image.png,,,,
중구,그레이194호텔,부산광역시 중구 중앙동4가 29799,35.10855875,129.0376377,051-466-5677,Y,song/image/sample_image.png,,,,
중구,비센트호텔,부산광역시 중구 중앙동4가 27273,35.1107605,129.0392706,051-442-2338,Y,song/image/sample_image.png,,,,
중구,반달호텔,부산광역시 중구 중앙동4가 19207,35.10603221,129.0351503,051-462-8008,N,song/image/sample_image.png,,,,
중구,커넥트부산호텔,부산광역시 중구 중앙동6가 ,35.10044601,129.0373871,051-464-3000,Y,song/image/sample_image.png,,,,
중구,플래티넘호텔,부산광역시 중구 창선동1가 14611,35.09903456,129.0304808,051-255-3333,Y,song/image/sample_image.png,,,,
중구,플래티늄호텔,부산광역시 중구 창선동1가 14611,35.09903754,129.0304798,051-255-3333,Y,song/image/sample_image.png,,,,
중구,호텔아벤트리부산,부산광역시 중구 창선동1가 ,35.09980908,129.0295783,051-260-5001,Y,song/image/sample_image.png,,,,
해운대구,인호텔,부산광역시 해운대구 반송동 ,35.23272662,129.1553963,051-543-0011,Y,song/image/sample_image.png,,,,
해운대구,풀하우스펜션,부산광역시 해운대구 송정동 186,35.18329965,129.2052239,051-703-4322,N,song/image/sample_image.png,,,,
해운대구,여우비호텔,부산광역시 해운대구 송정동 206-12,35.1824337,129.205479,051-704-1472,Y,song/image/sample_image.png,,,,
해운대구,올라호텔,부산광역시 해운대구 송정동 437-9,35.17686458,129.1968053,051-704-0001,Y,song/image/sample_image.png,,,,
해운대구,플레르 호텔,부산광역시 해운대구 송정동 441-6,35.17535999,129.195939,051-701-7601,Y,song/image/sample_image.png,,,,
해운대구,브라운도트호텔,부산광역시 해운대구 송정동 422-13,35.17875947,129.197312,051-702-0090,Y,song/image/sample_image.png,,,,
해운대구,라온호텔,부산광역시 해운대구 송정동 436-1,35.17765562,129.197353,051-714-0003,Y,song/image/sample_image.png,,,,
해운대구,모닝캄펜션,부산광역시 해운대구 송정동 442-4,35.17560616,129.1964513,051-703-9733,N,song/image/sample_image.png,,,,
해운대구,플레르 호텔,부산광역시 해운대구 송정동 441-6,35.1753527,129.1959441,051-701-7601,Y,song/image/sample_image.png,,,,
해운대구,스위트펜션,부산광역시 해운대구 송정동 441-3,35.17590916,129.1955516,051-703-1191,Y,song/image/sample_image.png,,,,
해운대구,이너피스 펜션,부산광역시 해운대구 송정동 444-9,35.17417823,129.1957237,051-723-0765,Y,song/image/sample_image.png,,,,
해운대구,일로이리조트,부산광역시 해운대구 송정동 809,35.17006048,129.1971551,051-704-7888,Y,song/image/sample_image.png,,,,
해운대구,호텔홍단,부산광역시 해운대구 송정동 280-1,35.18177008,129.205342,051-701-2226,Y,song/image/sample_image.png,,,,
해운대구,호텔하루,부산광역시 해운대구 송정동 198-17,35.18416673,129.2028007,051-703-4522,Y,song/image/sample_image.png,,,,
해운대구,올리브하우스펜션,부산광역시 해운대구 송정동 200-12,35.1831026,129.2033453,051-704-8277,Y,song/image/sample_image.png,,,,
해운대구,호텔데이즈A,부산광역시 해운대구 송정동 203-22,35.18311934,129.20516,051-701-6399,Y,song/image/sample_image.png,,,,
해운대구,호텔데이즈B,부산광역시 해운대구 송정동 203-17,35.18307836,129.2048627,051-701-6901,Y,song/image/sample_image.png,,,,
해운대구,송정호텔블루캐슬,부산광역시 해운대구 송정동 323-8,35.18102927,129.2011106,070-4196-2882,Y,song/image/sample_image.png,,,,
해운대구,히딩크펜션,부산광역시 해운대구 송정동 290-9,35.18111129,129.2038373,051-703-5259,N,song/image/sample_image.png,,,,
해운대구,알리바바펜션,부산광역시 해운대구 송정동 291-2,35.18147969,129.2033942,1644-9565,Y,song/image/sample_image.png,,,,
해운대구,에스스테이펜션,부산광역시 해운대구 송정동 329-1,35.18140758,129.2020978,051-704-3123,Y,song/image/sample_image.png,,,,
해운대구,앙스모멍,부산광역시 해운대구 송정동 291-11,35.18147479,129.2030888,051-703-3757,Y,song/image/sample_image.png,,,,
해운대구,브이호텔,부산광역시 해운대구 송정동 206-18,35.18227318,129.2050655,051-701-0081,Y,song/image/sample_image.png,,,,
해운대구,송정호텔젬,부산광역시 해운대구 송정동 206-2,35.182738,129.2053497,051-701-5300,Y,song/image/sample_image.png,,,,
해운대구,감동호텔,부산광역시 해운대구 송정동 203-6,35.18250807,129.2046925,051-701-2529,Y,song/image/sample_image.png,,,,
해운대구,2월호텔,부산광역시 해운대구 송정동 203-2,35.18304077,129.2050736,051-701-1577,Y,song/image/sample_image.png,,,,
해운대구,아이엠호텔,부산광역시 해운대구 송정동 206-13,35.18259568,129.2052574,051-703-1812,Y,song/image/sample_image.png,,,,
해운대구,코코호텔,부산광역시 해운대구 송정동 206-10,35.1822415,129.205305,051-703-7112,Y,song/image/sample_image.png,,,,
해운대구,감동호텔,부산광역시 해운대구 송정동 203-6,35.18251104,129.2047183,051-701-2529,Y,song/image/sample_image.png,,,,
해운대구,송정호텔젬,부산광역시 해운대구 송정동 206-2,35.18274398,129.2053861,051-701-5300,Y,song/image/sample_image.png,,,,
해운대구,아이엠호텔,부산광역시 해운대구 송정동 206-3,35.18260892,129.2052197,051-703-1812,Y,song/image/sample_image.png,,,,
해운대구,송정스카이풀빌라펜션,부산광역시 해운대구 송정동 312-10,35.17905844,129.1983834,070-4922-1261,Y,song/image/sample_image.png,,,,
해운대구,송정스카이부티크,부산광역시 해운대구 송정동 312-8,35.17905837,129.1983834,070-4922-1261,Y,song/image/sample_image.png,,,,
해운대구,해운대카라반펜션,부산광역시 해운대구 송정동 437-7,35.17669249,129.1967265,051-702-2222,Y,song/image/sample_image.png,,,,
해운대구,굿모닝 게스트하우스,부산광역시 해운대구 송정동 297-30,35.18098113,129.2022332,051-703-3539,N,song/image/sample_image.png,,,,
해운대구,부산 그레이샌즈풀빌라펜션,부산광역시 해운대구 송정동 297-18,35.18092059,129.2027427,051-701-0606,Y,song/image/sample_image.png,,,,
해운대구,명진게스트하우스,부산광역시 해운대구 송정동 297-25,35.18097815,129.2024577,051-704-7634,Y,song/image/sample_image.png,,,,
해운대구,나무늘보호텔 송정점,부산광역시 해운대구 송정동 297-22,35.18082502,129.2025055,051-714-1555,Y,song/image/sample_image.png,,,,
해운대구,브룩스호텔,부산광역시 해운대구 송정동 271,35.18113214,129.2047388,051-703-5771,Y,song/image/sample_image.png,,,,
해운대구,달로달리펜션,부산광역시 해운대구 송정동 275-1,35.18145403,129.2049168,051-529-0018,Y,song/image/sample_image.png,,,,
해운대구,돌담하우스,부산광역시 해운대구 송정동 289-6,35.18089778,129.2045562,051-703-7015,Y,song/image/sample_image.png,,,,
해운대구,뉴비치팬션,부산광역시 해운대구 송정동 288-33,35.18104641,129.2045907,051-704-0448,Y,song/image/sample_image.png,,,,
해운대구,송정호텔,부산광역시 해운대구 송정동 297-9,35.18109984,129.2030877,051-702-7766,Y,song/image/sample_image.png,,,,
해운대구,달로달리펜션,부산광역시 해운대구 송정동 275-1,35.18145463,129.204912,051-529-0018,Y,song/image/sample_image.png,,,,
해운대구,라임펜션,부산광역시 해운대구 송정동 297-15,35.18104939,129.2027964,051-704-5330,Y,song/image/sample_image.png,,,,
해운대구,1812게스트하우스,부산광역시 해운대구 송정동 297-16,35.18095436,129.2028925,051-702-1816,N,song/image/sample_image.png,,,,
해운대구,아리랑펜션,부산광역시 해운대구 송정동 289-2,35.18111986,129.204343,051-704-0028,Y,song/image/sample_image.png,,,,
해운대구,호텔S,부산광역시 해운대구 송정동 297-40,35.1806618,129.2019498,051-704-3003,Y,song/image/sample_image.png,,,,
해운대구,송정해수락,부산광역시 해운대구 송정동 265,35.1814749,129.204382,051-702-1995,Y,song/image/sample_image.png,,,,
해운대구,송정 빈티지하우스 펜션,부산광역시 해운대구 송정동 297-31,35.1807296,129.2022644,051-971-5205,N,song/image/sample_image.png,,,,
해운대구,명진게스트하우스,부산광역시 해운대구 송정동 297-23,35.18100937,129.2024173,051-704-7634,N,song/image/sample_image.png,,,,
해운대구,베이 호텔,부산광역시 해운대구 송정동 137-1,35.18403108,129.200469,051-701-0367,Y,song/image/sample_image.png,,,,
해운대구,쇼호텔,부산광역시 해운대구 온천동 1464-4,35.16230504,129.1575042,051-506-1229,Y,song/image/sample_image.png,,,,
해운대구,라마다앙코르 바이윈덤 부산 해운대,부산광역시 해운대구 우동 603-19,35.16328362,129.1596422,051-610-3000,Y,song/image/sample_image.png,,,,
해운대구,해운대게스트하우스,부산광역시 해운대구 우동 542-5,35.16191524,129.1598749,051-746-2482,N,song/image/sample_image.png,,,,
해운대구,런더너호텔,부산광역시 해운대구 우동 637-8,35.16126027,129.1573244,051-715-6116,Y,song/image/sample_image.png,,,,
해운대구,오즈미니호텔,부산광역시 해운대구 우동 541-13,35.16222209,129.1589639,051-742-2906,N,song/image/sample_image.png,,,,
해운대구,하운드호텔 해운대,부산광역시 해운대구 우동 637-9,35.16102708,129.156787,051-934-7000,Y,song/image/sample_image.png,,,,
해운대구,하운드 가든&테라스 호텔,부산광역시 해운대구 우동 637-13,35.16116956,129.1570419,051-924-5000,Y,song/image/sample_image.png,,,,
해운대구,에스원호텔,부산광역시 해운대구 우동 637-5,35.16141023,129.1575528,051-744-8338,Y,song/image/sample_image.png,,,,
해운대구,WA호텔,부산광역시 해운대구 우동 638-15,35.16160947,129.1572573,051-743-5762,Y,song/image/sample_image.png,,,,
해운대구,소사이어티호텔,부산광역시 해운대구 우동 637-25,35.16163198,129.1578001,051-744-0303,Y,song/image/sample_image.png,,,,
해운대구,더비치호텔,부산광역시 해운대구 우동 540-11,35.16222614,129.158372,051-744-0175,Y,song/image/sample_image.png,,,,
해운대구,루이스호텔,부산광역시 해운대구 우동 638-7,35.16174516,129.1574882,051-746-5855,Y,song/image/sample_image.png,,,,
해운대구,SC헬싱키호텔,부산광역시 해운대구 우동 638-3,35.16197419,129.1579602,051-747-0008,Y,song/image/sample_image.png,,,,
해운대구,이코노미 해운대,부산광역시 해운대구 우동 541-11,35.16229038,129.1590667,051-746-0006,N,song/image/sample_image.png,,,,
해운대구,키다리하우스,부산광역시 해운대구 우동 637-4,35.16158266,129.1577012,070-7760-4560,N,song/image/sample_image.png,,,,
해운대구,JB디자인호텔,부산광역시 해운대구 우동 637-1,35.16169342,129.1580468,051-750-9000,Y,song/image/sample_image.png,,,,
해운대구,준호텔,부산광역시 해운대구 우동 541-20,35.16206866,129.1586859,051-731-5181,Y,song/image/sample_image.png,,,,
해운대구,더베이호텔,부산광역시 해운대구 우동 637-14,35.16149183,129.1580662,051-742-7779,Y,song/image/sample_image.png,,,,
해운대구,스카이게스트하우스해운대,부산광역시 해운대구 우동 541-5,35.16186968,129.1587913,051-743-0502,Y,song/image/sample_image.png,,,,
해운대구,호텔여기어때,부산광역시 해운대구 우동 636-5,35.1610756,129.1579451,051-861-1107,Y,song/image/sample_image.png,,,,
해운대구,폭시호텔,부산광역시 해운대구 우동 636-4,35.16123327,129.1583219,051-744-1006,Y,song/image/sample_image.png,,,,
해운대구,미호텔,부산광역시 해운대구 우동 542-27,35.16178131,129.1591869,051-731-0134,Y,song/image/sample_image.png,,,,
해운대구,게리쿠퍼호텔,부산광역시 해운대구 우동 541-22,35.16201956,129.1590388,051-747-0935,Y,song/image/sample_image.png,,,,
해운대구,GNG,부산광역시 해운대구 우동 637-2,35.16164721,129.1583272,051-731-9990,Y,song/image/sample_image.png,,,,
해운대구,폭시호텔,부산광역시 해운대구 우동 636-4,35.1612524,129.158314,051-744-1006,Y,song/image/sample_image.png,,,,
해운대구,굿데이메이트 게스트하우스,부산광역시 해운대구 우동 618-1,35.16317783,129.15996,051-746-1232,N,song/image/sample_image.png,,,,
해운대구,그레이그라운드호텔,부산광역시 해운대구 우동 636-2,35.16126217,129.1587203,051-731-5007,Y,song/image/sample_image.png,,,,
해운대구,세이죤빌,부산광역시 해운대구 우동 544-4,35.16150184,129.15958,051-741-0086,N,song/image/sample_image.png,,,,
해운대구,인디호텔게스트하우스,부산광역시 해운대구 우동 636-11,35.16121109,129.1585988,051-747-5990,Y,song/image/sample_image.png,,,,
해운대구,인더스트리호텔,부산광역시 해운대구 우동 542-28,35.16161012,129.1593238,051-710-9309,Y,song/image/sample_image.png,,,,
해운대구,포유호텔,부산광역시 해운대구 우동 636-3,35.16109412,129.1583311,051-731-5333,Y,song/image/sample_image.png,,,,
해운대구,팍스게스트하우스,부산광역시 해운대구 우동 1324,35.16238323,129.1621238,051-746-3215,N,song/image/sample_image.png,,,,
해운대구,로드비치호텔,부산광역시 해운대구 우동 544-7,35.16113224,129.1596491,051-747-9911,Y,song/image/sample_image.png,,,,
해운대구,투헤븐호텔,부산광역시 해운대구 우동 1366-1,35.16086756,129.1603373,051-757-8620,Y,song/image/sample_image.png,,,,
해운대구,바다펜션,부산광역시 해운대구 우동 544-16,35.16149264,129.1599359,051-742-9610,Y,song/image/sample_image.png,,,,
해운대구,호텔여우비,부산광역시 해운대구 우동 638-1,35.16212552,129.1580153,051-744-5545,Y,song/image/sample_image.png,,,,
해운대구,발렌타인호텔,부산광역시 해운대구 우동 638-14,35.16174061,129.1571746,051-747-0258,Y,song/image/sample_image.png,,,,
해운대구,해운대블루호텔,부산광역시 해운대구 우동 540-8,35.16246257,129.158409,051-731-2200,Y,song/image/sample_image.png,,,,
해운대구,호텔브릭스,부산광역시 해운대구 우동 638-17,35.16201327,129.1576345,051-746-8805,Y,song/image/sample_image.png,,,,
해운대구,K게스트하우스,부산광역시 해운대구 우동 540-8,35.1624603,129.1584104,070-7789-3650,Y,song/image/sample_image.png,,,,
해운대구,해운대비지니스호텔S,부산광역시 해운대구 우동 638-9,35.16165591,129.1569802,051-741-5009,Y,song/image/sample_image.png,,,,
해운대구,아이엠레지던스,부산광역시 해운대구 우동 638-4,35.16213456,129.1578372,051-988-1800,Y,song/image/sample_image.png,,,,
해운대구,쇼호텔,부산광역시 해운대구 우동 639-15,35.16230524,129.1574938,051-746-0816,Y,song/image/sample_image.png,,,,
해운대구,웨스틴 조선 부산,부산광역시 해운대구 우동 737,35.15603204,129.154091,051-749-7000,Y,song/image/sample_image.png,,,,
해운대구,하이코리아 호스텔,부산광역시 해운대구 우동 877-1,35.1596687,129.1536886,070-4409-3132,N,song/image/sample_image.png,,,,
해운대구,파크하얏트부산호텔,부산광역시 해운대구 우동 1409-3,35.15653218,129.1417635,051-990-1234,Y,song/image/sample_image.png,,,,
해운대구,더스위트하우스,부산광역시 해운대구 우동 1466-1,35.15932559,129.144242,051-746-1984,Y,song/image/sample_image.png,,,,
해운대구,한화리조트,부산광역시 해운대구 우동 1410-3,35.15442132,129.1450164,051-749-5500,Y,song/image/sample_image.png,,,,
해운대구,센텀프리미어호텔,부산광역시 해운대구 우동 1521,35.16686698,129.1314749,051-755-9000,Y,song/image/sample_image.png,,,,
해운대구,스테이세븐 센텀 비즈니스,부산광역시 해운대구 우동 1510,35.16694831,129.1329593,051-913-0804,Y,song/image/sample_image.png,,,,
해운대구,해운대센텀호텔,부산광역시 해운대구 우동 1505,35.1678464,129.1328184,051-720-9000,Y,song/image/sample_image.png,,,,
해운대구,호텔메리케이센텀,부산광역시 해운대구 우동 1505,35.1678107,129.1328178,051-720-8041,Y,song/image/sample_image.png,,,,
해운대구,중문더웰테라스,부산광역시 해운대구 우동 1524,35.17179177,129.1318822,051-731-5505,Y,song/image/sample_image.png,,,,
해운대구,제이썬 하우스,부산광역시 해운대구 우동 532-25,35.16385018,129.1569949,051-741-1178,Y,song/image/sample_image.png,,,,
해운대구,팰릭스바이에스티엑스,부산광역시 해운대구 우동 539-10,35.16296343,129.1584534,051-969-5000,Y,song/image/sample_image.png,,,,
해운대구,에이치스테이호텔,부산광역시 해운대구 우동 539-10,35.16275601,129.1583257,051-760-2100,Y,song/image/sample_image.png,,,,
해운대구,신라스테이,부산광역시 해운대구 우동 629-6,35.15983862,129.1587613,051-912-9000,Y,song/image/sample_image.png,,,,
해운대구,GP Hotel,부산광역시 해운대구 우동 644-15,35.16060589,129.1577531,051-755-5001,Y,song/image/sample_image.png,,,,
해운대구,달빛테라스,부산광역시 해운대구 우동 635-9,35.16063693,129.1589891,051-959-1201,Y,song/image/sample_image.png,,,,
해운대구,노엘비지니스호텔,부산광역시 해운대구 우동 634-11,35.16046232,129.1585259,051-744-4411,Y,song/image/sample_image.png,,,,
해운대구,엘리게스트하우스,부산광역시 해운대구 우동 634-9,35.16039526,129.1589131,070-4223-7048,Y,song/image/sample_image.png,,,,
해운대구,위게스트하우스,부산광역시 해운대구 우동 635-11,35.16067579,129.1588443,051-744-6776,Y,song/image/sample_image.png,,,,
해운대구,클럽호텔,부산광역시 해운대구 우동 644-4,35.16074134,129.1568937,051-744-1889,Y,song/image/sample_image.png,,,,
해운대구,JJINN호텔,부산광역시 해운대구 우동 634-13,35.16049921,129.1582682,051-747-9411,Y,song/image/sample_image.png,,,,
해운대구,HOTEL WOW,부산광역시 해운대구 우동 635-3,35.16057331,129.1591837,051-744-1818,Y,song/image/sample_image.png,,,,
해운대구,플로스호텔,부산광역시 해운대구 우동 635-7,35.16077836,129.1591158,051-741-7457,Y,song/image/sample_image.png,,,,
해운대구,HOTEL WOW,부산광역시 해운대구 우동 635-3,35.1605894,129.1591745,051-744-1818,Y,song/image/sample_image.png,,,,
해운대구,부산관광공사,부산광역시 해운대구 우동 1417,35.16480406,129.1383192,051-731-9800,Y,song/image/sample_image.png,,,,
해운대구,오션뷰스테이,부산광역시 해운대구 우동 1398,35.16291023,129.1371282,051-912-9000,Y,song/image/sample_image.png,,,,
해운대구,그린나래호텔,부산광역시 해운대구 우동 650-1,35.15902463,129.1568472,051-744-8160,Y,song/image/sample_image.png,,,,
해운대구,글로리콘도,부산광역시 해운대구 우동 628-5,35.15944038,129.15786,051-746-8181,Y,song/image/sample_image.png,,,,
해운대구,호텔야자,부산광역시 해운대구 우동 762-52,35.15911658,129.1536747,051-747-0199,Y,song/image/sample_image.png,,,,
해운대구,더반호텔,부산광역시 해운대구 우동 762-53,35.15923553,129.1538904,051-747-3310,Y,song/image/sample_image.png,,,,
해운대구,호텔인트로,부산광역시 해운대구 우동 762-51,35.15903501,129.1534684,051-741-1188,Y,song/image/sample_image.png,,,,
해운대구,해운대캔버스게스트하우스,부산광역시 해운대구 우동 762-2,35.15925786,129.1526569,051-746-2183,Y,song/image/sample_image.png,,,,
해운대구,캔버스호스텔블랙,부산광역시 해운대구 우동 866-3,35.15936786,129.1529875,051-746-2183,N,song/image/sample_image.png,,,,
해운대구,더펫텔프리미엄스위트,부산광역시 해운대구 우동 762-27,35.15924032,129.1530968,051-999-2000,Y,song/image/sample_image.png,,,,
해운대구,호텔109,부산광역시 해운대구 우동 762-45,35.15930346,129.1533196,051-747-1092,Y,song/image/sample_image.png,,,,
해운대구,아크블루호텔,부산광역시 해운대구 우동 648-9,35.15957826,129.1565465,051-746-3233,Y,song/image/sample_image.png,,,,
해운대구,베스트루이스해밀턴,부산광역시 해운대구 우동 653-3,35.15964244,129.1545884,051-741-7711,Y,song/image/sample_image.png,,,,
해운대구,베이몬드호텔,부산광역시 해운대구 우동 648-8,35.15956148,129.1567516,051-702-0001,Y,song/image/sample_image.png,,,,
해운대구,아크블루호텔,부산광역시 해운대구 우동 648-9,35.15951013,129.1565776,051-746-3823,Y,song/image/sample_image.png,,,,
해운대구,오뜨바다전망호텔,부산광역시 해운대구 우동 648-19,35.15958261,129.1563668,051-747-9021,Y,song/image/sample_image.png,,,,
해운대구,베스트루이스해밀턴호텔,부산광역시 해운대구 우동 653-3,35.15963531,129.1545889,051-741-7711,Y,song/image/sample_image.png,,,,
해운대구,오렌지호텔,부산광역시 해운대구 우동 653-9,35.15965598,129.1543961,051-744-2322,Y,song/image/sample_image.png,,,,
해운대구,해운대호텔 모모쥬스,부산광역시 해운대구 우동 653-7,35.15948763,129.1542391,051-722-1000,Y,song/image/sample_image.png,,,,
해운대구,이비스버젯앰배서더,부산광역시 해운대구 우동 651-1,35.15907354,129.154502,051-901-1100,Y,song/image/sample_image.png,,,,
해운대구,호텔아라,부산광역시 해운대구 우동 647-6,35.16001194,129.1552197,051-747-1655,Y,song/image/sample_image.png,,,,
해운대구,이스턴베이호텔,부산광역시 해운대구 우동 646-9,35.1601764,129.1560435,051-742-1442,Y,song/image/sample_image.png,,,,
해운대구,김치게스트하우스해운대,부산광역시 해운대구 우동 648-11,35.15988256,129.15644,051-747-4406,Y,song/image/sample_image.png,,,,
해운대구,이비스앰배서더해운대,부산광역시 해운대구 우동 629-3,35.15991773,129.1579685,051-630-1100,Y,song/image/sample_image.png,,,,
해운대구,토요코인호텔,부산광역시 해운대구 우동 648-2,35.1594871,129.1573509,051-741-1045,Y,song/image/sample_image.png,,,,
해운대구,호텔포레프리미어,부산광역시 해운대구 우동 1367,35.16069726,129.1602251,051-743-2853,Y,song/image/sample_image.png,,,,
해운대구,클라우드나인호텔,부산광역시 해운대구 우동 545-3,35.16074774,129.1597387,051-746-3393,Y,song/image/sample_image.png,,,,
해운대구,2NE1호텔,부산광역시 해운대구 우동 626-10,35.16045191,129.1599176,051-731-0057,Y,song/image/sample_image.png,,,,
해운대구,호텔포레 프리미어 해운대점,부산광역시 해운대구 우동 1367,35.16069322,129.1602565,051-743-2853,Y,song/image/sample_image.png,,,,
해운대구,호텔투애니원,부산광역시 해운대구 우동 626-10,35.16037928,129.1598817,051-731-0057,Y,song/image/sample_image.png,,,,
해운대구,해운대청소년수련관,부산광역시 해운대구 재송동 1042-1,35.19216733,129.127072,051-780-1800,Y,song/image/sample_image.png,,,,
해운대구,넘버25 호텔 센텀점 시그니처,부산광역시 해운대구 재송동 1095-8,35.18378284,129.1219274,051-781-2268,Y,song/image/sample_image.png,,,,
해운대구,스테이안 게스트하우스,부산광역시 해운대구 재송동 1071-27,35.18765593,129.1212318,051-781-5100,N,song/image/sample_image.png,,,,
해운대구,센텀빌,부산광역시 해운대구 재송동 1095-12,35.18415418,129.1216463,051-782-8723,N,song/image/sample_image.png,,,,
해운대구,이데아호텔,부산광역시 해운대구 재송동 1095-2,35.18428761,129.1216265,051-782-2888,Y,song/image/sample_image.png,,,,
해운대구,재송동 더히트호텔,부산광역시 해운대구 재송동 1103-2,35.1845567,129.1226994,051-914-7171,Y,song/image/sample_image.png,,,,
해운대구,베이직하우스,부산광역시 해운대구 재송동 1095-5,35.18403756,129.1219123,051-784-2262,Y,song/image/sample_image.png,,,,
해운대구,호텔야자,부산광역시 해운대구 재송동 1100-8,35.18438056,129.1223064,051-781-0601,Y,song/image/sample_image.png,,,,
해운대구,호텔S,부산광역시 해운대구 재송동 1095-6,35.183898,129.1220128,051-784-2261,Y,song/image/sample_image.png,,,,
해운대구,바다풍경펜션,부산광역시 해운대구 중동 1393-78,35.16149081,129.1616996,051-703-3533,Y,song/image/sample_image.png,,,,
해운대구,바다풍경펜션,부산광역시 해운대구 중동 1393-78,35.16147226,129.1617044,051-703-3533,Y,song/image/sample_image.png,,,,
해운대구,라비드아틀란호텔,부산광역시 해운대구 중동 1392-166,35.16112987,129.161492,051-760-9400,Y,song/image/sample_image.png,,,,
해운대구,엘리시아부티크호텔,부산광역시 해운대구 중동 1392-26,35.16017701,129.1621924,051-743-1311,N,song/image/sample_image.png,,,,
해운대구,베스트웨스턴 해운대호텔,부산광역시 해운대구 중동 1391-42,35.16043412,129.1611559,051-664-1234,Y,song/image/sample_image.png,,,,
해운대구,선셋비즈니스호텔,부산광역시 해운대구 중동 1391-66,35.16012894,129.1614115,051-730-9902,Y,song/image/sample_image.png,,,,
해운대구,라메르펜션,부산광역시 해운대구 중동 1392-26,35.16014497,129.1621363,051-747-5919,N,song/image/sample_image.png,,,,
해운대구,리베로호텔,부산광역시 해운대구 중동 1380-14,35.16224606,129.1612075,051-740-2111,Y,song/image/sample_image.png,,,,
해운대구,팍스게스트하우스,부산광역시 해운대구 중동 1380-26,35.16238432,129.1621247,051-746-3215,N,song/image/sample_image.png,,,,
해운대구,그랜드엘시티레지던스,부산광역시 해운대구 중동 1829,35.16003236,129.1697009,051-1588-5778,Y,song/image/sample_image.png,,,,
해운대구,시그니엘 부산,부산광역시 해운대구 중동 1829,35.15987649,129.1697189,051-922-1000,Y,song/image/sample_image.png,,,,
해운대구,폴에이리조트해운대,부산광역시 해운대구 중동 1150-1,35.16229564,129.166662,051-731-1112,Y,song/image/sample_image.png,,,,
해운대구,선트리호텔,부산광역시 해운대구 중동 1488-7,35.15950146,129.1832134,051-742-0021,Y,song/image/sample_image.png,,,,
해운대구,일루아호텔,부산광역시 해운대구 중동 1509-3,35.1588957,129.1745088,051-744-1331,Y,song/image/sample_image.png,,,,
해운대구,화미주연수원,부산광역시 해운대구 중동 1482-4,35.16080228,129.1829531,051-246-8808,Y,song/image/sample_image.png,,,,
해운대구,휘겔리 호텔,부산광역시 해운대구 중동 1026,35.15843573,129.1719166,051-746-9468,Y,song/image/sample_image.png,,,,
해운대구,미포오션사이드호텔,부산광역시 해운대구 중동 957-1,35.15886649,129.1705914,051-601-4300,Y,song/image/sample_image.png,,,,
해운대구,더위,부산광역시 해운대구 중동 993-3,35.15638474,129.1751376,051-742-3993,N,song/image/sample_image.png,,,,
해운대구,시원게스트하우스,부산광역시 해운대구 중동 1521-30,35.1617614,129.1754087,070-7337-7999,N,song/image/sample_image.png,,,,
해운대구,마마게스트하우스,부산광역시 해운대구 중동 1394-228,35.162024,129.1632441,070-7797-3650,N,song/image/sample_image.png,,,,
해운대구,해운대펜트하우스,부산광역시 해운대구 중동 1394-15,35.16354881,129.1618488,051-747-5171,N,song/image/sample_image.png,,,,
해운대구,24게스트하우스,부산광역시 해운대구 중동 1394-37,35.16314901,129.1618777,051-746-6577,N,song/image/sample_image.png,,,,
해운대구,해운대소라텔하우스,부산광역시 해운대구 중동 1394-361,35.16173536,129.1629385,051-746-3821,N,song/image/sample_image.png,,,,
해운대구,백팩커스하우스,부산광역시 해운대구 중동 1394-313,35.16187976,129.1630922,070-7717-4000,N,song/image/sample_image.png,,,,
해운대구,할매탕,부산광역시 해운대구 중동 1373-10,35.16306792,129.1647693,051-740-7010,Y,song/image/sample_image.png,,,,
해운대구,호텔카멜리아,부산광역시 해운대구 중동 1417-2,35.15982977,129.1610982,051-744-2055,N,song/image/sample_image.png,,,,
해운대구,그랜드조선,부산광역시 해운대구 중동 1405-16,35.16000771,129.1631696,051-922-5000,Y,song/image/sample_image.png,,,,
해운대구,피앤에스호텔,부산광역시 해운대구 중동 1398-16,35.16206728,129.1645234,051-747-4000,Y,song/image/sample_image.png,,,,
해운대구,UH Suite Landscape 4F,부산광역시 해운대구 중동 1417-2,35.15982522,129.1611269,051-742-0600,Y,song/image/sample_image.png,,,,
해운대구,썬클라우드호텔,부산광역시 해운대구 중동 1392-100,35.16044386,129.162247,051-746-3700,Y,song/image/sample_image.png,,,,
해운대구,페어필드바이메리어트부산호텔,부산광역시 해운대구 중동 1400-60,35.16164084,129.1648446,051-749-7777,Y,song/image/sample_image.png,,,,
해운대구,MS호텔,부산광역시 해운대구 중동 1417-2,35.15982522,129.1611269,051-741-3838,Y,song/image/sample_image.png,,,,
해운대구,UH Suite The Haeundae,부산광역시 해운대구 중동 1417-2,35.15982522,129.1611269,051-742-0600,Y,song/image/sample_image.png,,,,
해운대구,팝콘호스텔 해운대점,부산광역시 해운대구 중동 1398-7,35.16249266,129.1652704,051-747-6147,N,song/image/sample_image.png,,,,
해운대구,베니키아호텔해운대,부산광역시 해운대구 중동 1398-23,35.16227613,129.1648421,051-760-7000,Y,song/image/sample_image.png,,,,
해운대구,마리안느호텔,부산광역시 해운대구 중동 1400-24,35.16149357,129.1646175,051-606-0600,Y,song/image/sample_image.png,,,,
해운대구,레지던스 더 문,부산광역시 해운대구 중동 1398-7,35.16249589,129.1652587,070-7417-7177,N,song/image/sample_image.png,,,,
해운대구,석원장,부산광역시 해운대구 중동 1223-1,35.16323594,129.1668169,051-746-7327,Y,song/image/sample_image.png,,,,
해운대구,파라다이스호텔,부산광역시 해운대구 중동 1411-1,35.1602357,129.1652644,051-742-2121,Y,song/image/sample_image.png,,,,
해운대구,코오롱 씨클라우드 호텔,부산광역시 해운대구 중동 1392-100,35.16042446,129.162123,051-933-1000,Y,song/image/sample_image.png,,,,
해운대구,골든튤립해운대호텔&스위트,부산광역시 해운대구 중동 1153-8,35.16226142,129.1658725,051-795-7000,Y,song/image/sample_image.png,,,,
해운대구,토요코인호텔 해운대2,부산광역시 해운대구 중동 1130-1,35.15950695,129.1573545,051-741-1045,Y,song/image/sample_image.png,,,,
해운대구,팔레드시즈,부산광역시 해운대구 중동 1124-2,35.16021279,129.1665767,051-746-1010,Y,song/image/sample_image.png,,,,
해운대구,호텔 더 마크 해운대,부산광역시 해운대구 중동 1123,35.16097077,129.1668835,051-501-9440,Y,song/image/sample_image.png,,,,
해운대구,해운대센트럴호텔,부산광역시 해운대구 중동 1137-4,35.16095778,129.1672641,051-760-9000,Y,song/image/sample_image.png,,,,
해운대구,해운대 영무파라드호텔,부산광역시 해운대구 중동 1124-8,35.16089956,129.1664824,051-743-0003,Y,song/image/sample_image.png,,,,
